idx,x,y,w,h
0,0.0,0.0,0.04049909696983211,35181.2865497076
1,0.018999576356217532,0.0,0.01774960422751901,4491.228070175438
2,0.04524899105888649,0.0,0.0342492363263395,12475.633528265107
3,0.09424789850386854,0.0,0.032499275346161566,12725.146198830409
4,0.12524720729559188,0.0,0.010499765881067583,11228.070175438595
5,0.13424700662222125,0.0,0.020749537336395462,6986.354775828459
6,0.15574652723583582,0.0,0.015749648821601375,10230.019493177388
7,0.1719961649089166,0.0,0.03674918058373654,12475.633528265107
8,0.349242212758367,0.0,0.020999531762135166,12974.658869395711
9,0.3844914267876653,0.0,0.0172496153760396,4990.253411306043
10,0.4032410087181431,0.0,0.026249414702668956,5988.304093567251
11,0.44524007224241346,0.0,0.024999442573970437,9730.994152046784
12,0.4659896095788089,0.0,0.0517488461281188,20210.526315789473
13,0.5469878035184731,0.0,0.025499431425449845,5738.791423001949
14,0.5727372293696626,0.0,0.06349858413788491,17216.374269005846
15,0.6557353787152446,0.0,0.014499676692902853,3243.6647173489278
16,0.6854847153782694,0.0,0.016499632098820487,6986.354775828459
17,0.6977344422395149,0.0,0.03374924747486009,21458.089668615983
18,0.7279837677540191,0.0,0.03574920288077772,16717.348927875242
19,0.7582330932685233,0.0,0.03274926977190127,13473.684210526315
20,0.7927323240206026,0.0,0.058998684474570226,30690.058479532163
21,0.8744805012374859,0.0,0.011249749158286696,5489.278752436647
22,0.8794803897522799,0.0,0.05649874021717319,23953.216374269003
23,0.91322963722714,0.0,0.05274882383107762,28693.957115009744
24,0.9922278757608866,0.0,0.030749314365983636,7485.380116959064
25,1.029227050770363,0.0,0.02749938683136748,7235.867446393761
26,1.0822258690271802,0.0,0.07599830542487013,17216.374269005846
27,1.206723093045553,0.0,0.05299881825681733,17715.39961013645
28,1.2669717496488218,0.0,0.0974978260384847,55391.81286549707
29,1.368969475350621,0.0,0.02224950389083369,12475.633528265107
30,1.4049686726571384,0.0,0.016999620950299898,5738.791423001949
31,1.3589696983210329,0.0,0.08149818279114363,57637.42690058479
32,1.4429678253695735,0.0,0.010999754732546992,5489.278752436647
33,1.4439678030725325,0.0,0.1202473187807978,49902.53411306043
34,1.5069663983589379,0.0,0.02799937568284689,11727.0955165692
35,1.534715779616045,0.0,0.03974911369261299,18463.937621832356
36,1.5702149880710832,0.0,0.015249659970121966,6487.3294346978555
37,1.6964621730696339,0.0,0.014999665544382262,3992.202729044834
38,1.6879623625944837,0.0,0.11599741354322282,42417.15399610136
39,1.7549608686927247,0.0,0.0114997435840264,8732.943469785574
40,1.8362090570581284,0.0,0.01774960422751901,8732.943469785574
41,1.9012076077504516,0.0,0.11524743026600372,48405.45808966862
42,1.9544564204330086,0.0,0.02974933666302482,10230.019493177388
43,2.0219549153827288,0.0,0.031749292068942454,9481.481481481482
44,2.0554541684318495,0.0,0.02799937568284689,6237.8167641325535
45,2.1067030257084887,0.0,0.03324925862338068,16966.861598440544
46,2.183201319984838,0.0,0.07674828870208923,22955.165692007795
47,2.2461999152712435,0.0,0.05599875136569378,11976.608187134501
48,2.3084485272804303,0.0,0.026499409128408664,30191.03313840156
49,2.365947245200562,0.0,0.02349947601953221,12226.120857699805
50,2.4196960467345985,0.0,0.08924800998907445,23204.678362573097
51,2.5141939396642066,0.0,0.014999665544382262,4491.228070175438
52,2.5734426185645165,0.0,0.01199973243550581,5239.766081871345
53,2.595192133603871,0.0,0.040999085821311516,19961.01364522417
54,2.634191264019265,0.0,0.14774670561216527,62627.680311890836
55,2.8154372226805506,0.0,0.021499520613614573,5988.304093567251
56,2.8419366318089594,0.0,0.0114997435840264,4491.228070175438
57,2.829686904947714,0.0,0.056998729068652595,19461.988304093567
58,2.8906855448282016,0.0,0.013249704564204332,8732.943469785574
59,2.918434926085309,0.0,0.014749671118642557,6237.8167641325535
60,2.9686838056589893,0.0,0.011249749158286696,4990.253411306043
61,3.011932841311958,0.0,0.03699917500947625,5489.278752436647
62,3.0276824901335595,0.0,0.09374790965238913,68116.95906432749
63,3.1051807621128678,0.0,0.05299881825681733,26448.343079922026
64,3.199178666190997,0.0,0.014249682267163149,4740.740740740741
65,3.2139283373096394,0.0,0.023749470445271915,13723.196881091617
66,3.2284280140025423,0.0,0.02924934781154541,9481.481481481482
67,3.274176993912908,0.0,0.02124952618787487,17715.39961013645
68,3.2916766037146874,0.0,0.0637485785636246,21208.57699805068
69,3.3719248143771323,0.0,0.07649829427634953,36927.87524366471
70,3.3979242346540617,0.0,0.016999620950299898,6487.3294346978555
71,3.445923164396085,0.0,0.040999085821311516,18713.45029239766
72,3.464172757475083,0.0,0.009499788178108766,4990.253411306043
73,3.504921848870655,0.0,0.15549653281009612,50152.04678362573
74,3.7006674842248435,0.0,0.03924912484113358,25949.317738791422
75,3.7431665366005933,0.0,0.02399946487101162,9231.968810916178
76,3.7904154830653973,0.0,0.013499698989944036,7485.380116959064
77,3.86416383865861,0.0,0.0172496153760396,6487.3294346978555
78,3.919412606747085,0.0,0.012749715712724922,5489.278752436647
79,3.9224125398559613,0.0,0.030249325514504228,9730.994152046784
80,3.9461620103012334,0.0,0.03199928649468216,13972.709551656919
81,3.99116100693438,0.0,0.014749671118642557,3742.690058479532
82,4.0439098307654575,0.0,0.016249637673080783,8982.456140350876
83,4.060909451715758,0.0,0.014499676692902853,7235.867446393761
84,4.109908359160739,0.0,0.011749738009766105,3493.1773879142297
85,4.108158398180562,0.0,0.030749314365983636,14222.22222222222
86,4.138657718120806,0.0,0.014249682267163149,3493.1773879142297
87,4.172406965595666,0.0,0.04899890744498205,19961.01364522417
88,4.247905282169056,0.0,0.029499342237285113,18214.424951267054
89,4.306903966643627,0.0,0.03624919173225713,9481.481481481482
90,4.343153158375884,0.0,0.014249682267163149,8483.430799220272
91,4.357902829494527,0.0,0.028249370108586594,7235.867446393761
92,4.309403910901024,0.0,0.08649807130593772,30440.54580896686
93,4.395901982206961,0.0,0.11674739682044194,48405.45808966862
94,4.492149836116748,0.0,0.019999554059176347,10978.557504873294
95,4.5083994737898285,0.0,0.032499275346161566,16717.348927875242
96,4.54089874913599,0.0,0.08649807130593772,32436.647173489277
97,4.614147115877723,0.0,0.025499431425449845,10479.53216374269
98,4.616147071283641,0.0,0.12424722959263307,63126.70565302144
99,4.681145621975964,0.0,0.016499632098820487,7485.380116959064
100,4.71039496978751,0.0,0.021999509465093985,6237.8167641325535
101,4.759393877232491,0.0,0.014749671118642557,5239.766081871345
102,4.790643180449955,0.0,0.026249414702668956,8483.430799220272
103,4.814392650895226,0.0,0.16649628754264312,86580.89668615985
104,4.908390554973355,0.0,0.01949956520769694,8483.430799220272
105,4.97213913353698,0.0,0.018499587504738124,9231.968810916178
106,5.059887176971616,0.0,0.032499275346161566,10230.019493177388
107,5.123885749960981,0.0,0.013999687841423445,4990.253411306043
108,5.144635287297376,0.0,0.02399946487101162,11976.608187134501
109,5.169384735445607,0.0,0.023249481593792507,11727.0955165692
110,5.257382773305983,0.0,0.017999598653258713,6487.3294346978555
111,5.272882427701845,0.0,0.12499721286985219,52148.148148148146
112,5.349880710829673,0.0,0.033999241900599796,6986.354775828459
113,5.441628665076145,0.0,0.020999531762135166,7485.380116959064
114,5.464128163392719,0.0,0.02749938683136748,9980.506822612086
115,5.517876964926755,0.0,0.026249414702668956,26697.855750487328
116,5.541626435372026,0.0,0.07049842805859663,44413.25536062378
117,5.6286244955294435,0.0,0.05949867332604964,16467.83625730994
118,5.779621128676225,0.0,0.04074909139557181,13723.196881091617
119,5.799120693883922,0.0,0.020749537336395462,6736.8421052631575
120,5.777371178844568,0.0,0.09774782046422441,58385.964912280695
121,5.877868937991929,0.0,0.044998996633146784,27945.419103313838
122,5.911618185466789,0.0,0.03549920845503802,12974.658869395711
123,5.922617940199336,0.0,0.05449878481125555,36179.337231968806
124,6.0376153760396,0.0,0.05224883497959821,24452.24171539961
125,6.086864277910322,0.0,0.023749470445271915,8982.456140350876
126,6.112613703761511,0.0,0.01774960422751901,8982.456140350876
127,6.131863274543469,0.0,0.020249548484916054,10729.044834307992
128,6.144362995830454,0.0,0.06574853396954225,29192.982456140347
129,6.209361546522777,0.0,0.16649628754264312,51150.09746588694
130,6.2383608999085824,0.0,0.021999509465093985,9231.968810916178
131,6.280859952284333,0.0,0.01374969341568374,2994.1520467836253
132,6.326358937768958,0.0,0.012499721286985219,3992.202729044834
133,6.353608330174587,0.0,0.031749292068942454,11727.0955165692
134,6.397607349104774,0.0,0.02524943699971014,13723.196881091617
135,6.431856585431114,0.0,0.019249570781957236,5738.791423001949
136,6.452356128341769,0.0,0.03149929764320275,8732.943469785574
137,6.4873553479453285,0.0,0.0229994871680528,8982.456140350876
138,6.517604673459832,0.0,0.012749715712724922,6986.354775828459
139,6.529604405895338,0.0,0.0114997435840264,4241.715399610136
140,6.541354143905104,0.0,0.06549853954380254,18463.937621832356
141,6.57035349729091,0.0,0.023749470445271915,5489.278752436647
142,6.60435273919151,0.0,0.06249860643492609,26448.343079922026
143,6.6633514236660805,0.0,0.01674962652456019,12475.633528265107
144,6.684600949853955,0.0,0.022749492742313096,14721.247563352827
145,6.787348658832974,0.0,0.055498762514214366,15719.298245614034
146,6.86584690851524,0.0,0.03774915828669536,13224.171539961013
147,6.9503450244152605,0.0,0.009999777029588174,4491.228070175438
148,6.964094717830944,0.0,0.10024776472162145,53395.711500974656
149,7.0880919529978375,0.0,0.043749024504448265,10729.044834307992
150,7.133840932908203,0.0,0.04399901893018797,20959.06432748538
151,7.174090035452296,0.0,0.059748667751789344,38674.46393762183
152,7.237338625164441,0.0,0.018499587504738124,14222.22222222222
153,7.2565881959463985,0.0,0.025499431425449845,6736.8421052631575
154,7.235088675332784,0.0,0.068498472652679,20709.551656920077
155,7.30608709224286,0.0,0.019249570781957236,9980.506822612086
156,7.332586501371269,0.0,0.1492466721666035,33434.697855750484
157,7.486833062052666,0.0,0.024249459296751322,12475.633528265107
158,7.515332426586992,0.0,0.01674962652456019,5239.766081871345
159,7.526582175745279,0.0,0.05774871234587171,16218.323586744638
160,7.5768310553189595,0.0,0.01374969341568374,4241.715399610136
161,7.680078753149457,0.0,0.019249570781957236,8483.430799220272
162,7.760326963811902,0.0,0.019749559633436643,12725.146198830409
163,7.797076144395639,0.0,0.03274926977190127,19212.475633528265
164,7.818325670583514,0.0,0.021999509465093985,9980.506822612086
165,7.849324979375237,0.0,0.017499609801779305,5738.791423001949
166,7.8650746281968384,0.0,0.010499765881067583,6736.8421052631575
167,7.876824366206605,0.0,0.017499609801779305,10729.044834307992
168,7.934823072978216,0.0,0.03099930879172334,8982.456140350876
169,7.972322236839172,0.0,0.019999554059176347,6736.8421052631575
170,7.993071774175568,0.0,0.014999665544382262,4990.253411306043
171,8.062070235679727,0.0,0.025499431425449845,6986.354775828459
172,8.05907030257085,0.0,0.045748979910365896,15968.810916179336
173,8.094569511025888,0.0,0.016249637673080783,3243.6647173489278
174,8.106819237887134,0.0,0.041499074672790924,14471.734892787523
175,8.19431728689603,0.0,0.046248968761845304,44662.76803118908
176,8.246566121875627,0.0,0.03474922517781891,6237.8167641325535
177,8.316314566657006,0.0,0.05424879038551585,18713.45029239766
178,8.373063301299918,0.0,0.013999687841423445,5738.791423001949
179,8.380563134072109,0.0,0.029999331088764524,10479.53216374269
180,8.43081201364579,0.0,0.05999866217752905,32935.67251461988
181,8.505060358090482,0.0,0.014749671118642557,7235.867446393761
182,8.542809516377178,0.0,0.03674918058373654,8233.91812865497
183,8.554309259961205,0.0,0.08399812704854066,27446.393762183234
184,8.639307364712703,0.0,0.011249749158286696,8483.430799220272
185,8.689056255434904,0.0,0.010749760306807287,4241.715399610136
186,8.720305558652367,0.0,0.010499765881067583,4990.253411306043
187,8.728555374701777,0.0,0.02974933666302482,9231.968810916178
188,8.801303752592032,0.0,0.026249414702668956,8233.91812865497
189,8.840802871858905,0.0,0.023749470445271915,5988.304093567251
190,8.858052487234945,0.0,0.044998996633146784,22705.653021442493
191,8.927550937590583,0.0,0.02699939797988807,15469.785575048732
192,8.947050502798279,0.0,0.06224861200918638,28444.44444444444
193,9.04054841802493,0.0,0.11924734107783898,40670.56530214425
194,9.129546433588263,0.0,0.019749559633436643,6237.8167641325535
195,9.162545697785905,0.0,0.018249593078998417,3493.1773879142297
196,9.177295368904547,0.0,0.028749358960066,14222.22222222222
197,9.253293674329417,0.0,0.014249682267163149,10230.019493177388
198,9.292542799170551,0.0,0.04199906352427033,24701.754385964912
199,9.303042565051618,0.0,0.08449811590002007,60382.06627680312
200,9.3860407143972,0.0,0.028499364534326298,16218.323586744638
201,9.407290240585075,0.0,0.01949956520769694,10479.53216374269
202,9.472288791277398,0.0,0.026249414702668956,9730.994152046784
203,9.526787576088653,0.0,0.0637485785636246,13972.709551656919
204,9.52228767642534,0.0,0.09324792080090973,43914.230019493174
205,9.607785770028318,0.0,0.056248745791433484,25450.292397660818
206,9.672284331869161,0.0,0.015249659970121966,11727.0955165692
207,9.70853352360142,0.0,0.0114997435840264,6736.8421052631575
208,9.753032531383086,0.0,0.028749358960066,9730.994152046784
209,9.784781823452029,0.0,0.027749381257107183,13972.709551656919
210,9.830030814510915,0.0,0.02349947601953221,11477.582846003897
211,9.870279917055008,0.0,0.11824736337488016,39173.48927875244
212,9.984777364043792,0.0,0.08199817164262303,28194.93177387914
213,10.01152676759794,0.0,0.031749292068942454,11976.608187134501
214,10.165523333853598,0.0,0.031749292068942454,20210.526315789473
215,10.18927280429887,0.0,0.03349925304912038,11976.608187134501
216,10.218272157684677,0.0,0.01674962652456019,5988.304093567251
217,10.296270418515464,0.0,0.02924934781154541,5489.278752436647
218,10.309770117505408,0.0,0.08299814934558185,54144.24951267056
219,10.37576864590069,0.0,0.016249637673080783,5988.304093567251
220,10.422517603514015,0.0,0.013499698989944036,4491.228070175438
221,10.47576641619657,0.0,0.028499364534326298,11228.070175438595
222,10.508515685968472,0.0,0.03099930879172334,9231.968810916178
223,10.541764944591854,0.0,0.0517488461281188,20460.038986354775
224,10.579514102878548,0.0,0.035249214029298315,14970.760233918129
225,10.624763093937435,0.0,0.030749314365983636,8483.430799220272
226,10.650012530937145,0.0,0.0172496153760396,4241.715399610136
227,10.67151205155076,0.0,0.012999710138464626,5489.278752436647
228,10.683261789560525,0.0,0.018249593078998417,11477.582846003897
229,10.704011326896921,0.0,0.018499587504738124,6736.8421052631575
230,10.751260273361726,0.0,0.06699850609824076,23703.7037037037
231,10.817508796182747,0.0,0.032499275346161566,6237.8167641325535
232,10.851758032509087,0.0,0.023249481593792507,8732.943469785574
233,10.889507190795783,0.0,0.029499342237285113,14970.760233918129
234,10.93375620415171,0.0,0.027749381257107183,10479.53216374269
235,11.004754621061785,0.0,0.05674873464291289,36927.87524366471
236,11.022754219715045,0.0,0.03324925862338068,14222.22222222222
237,11.116002140515954,0.0,0.03149929764320275,5738.791423001949
238,11.1440015161988,0.0,0.06799848380119959,55641.32553606237
239,0.28399366764030415,249.51267056530213,0.04299904122722915,16218.323586744638
240,0.5197384111128454,249.51267056530213,0.028499364534326298,8982.456140350876
241,1.3917189680929343,249.51267056530213,0.02224950389083369,9980.506822612086
242,1.8122095921871169,249.51267056530213,0.007499832772191131,8732.943469785574
243,3.6334189837008632,249.51267056530213,0.02699939797988807,6237.8167641325535
244,4.944139757854133,249.51267056530213,0.017499609801779305,5239.766081871345
245,5.013638208209771,249.51267056530213,0.014749671118642557,8483.430799220272
246,5.590125353965529,249.51267056530213,0.008999799326629357,5988.304093567251
247,5.726122321567928,249.51267056530213,0.04699895203906442,29692.007797270955
248,5.98686650761444,249.51267056530213,0.054748779236995254,39922.02729044834
249,7.3318365180940495,249.51267056530213,0.026249414702668956,17715.39961013645
250,8.026071038373209,249.51267056530213,0.03149929764320275,30440.54580896686
251,8.508810274476577,249.51267056530213,0.0342492363263395,12725.146198830409
252,10.407767932395371,249.51267056530213,0.016249637673080783,4990.253411306043
253,0.22149506120537807,499.02534113060426,0.013999687841423445,11477.582846003897
254,0.24724448705656762,499.02534113060426,0.03699917500947625,9730.994152046784
255,1.656463064951281,499.02534113060426,0.02174951503935428,14970.760233918129
256,2.1349523958170753,499.02534113060426,0.09649784833552588,67617.93372319688
257,2.552693081228121,499.02534113060426,0.016499632098820487,4740.740740740741
258,2.586692323128721,499.02534113060426,0.016249637673080783,6736.8421052631575
259,2.737938950701242,499.02534113060426,0.035249214029298315,25200.779727095516
260,2.9331845972039514,499.02534113060426,0.029499342237285113,11477.582846003897
261,3.487422239068876,499.02534113060426,0.019249570781957236,7734.892787524366
262,3.6506685990769028,499.02534113060426,0.030249325514504228,22206.62768031189
263,3.80516515418404,499.02534113060426,0.013499698989944036,10729.044834307992
264,5.511377109857523,499.02534113060426,0.010249771455327879,6487.3294346978555
265,6.904846038930635,499.02534113060426,0.023249481593792507,15968.810916179336
266,6.977844411246628,499.02534113060426,0.01199973243550581,5988.304093567251
267,7.475833307320119,499.02534113060426,0.012749715712724922,8982.456140350876
268,7.635079756516311,499.02534113060426,0.008499810475149949,6736.8421052631575
269,7.646079511248858,499.02534113060426,0.012999710138464626,5239.766081871345
270,8.417562309081585,499.02534113060426,0.024999442573970437,33185.18518518518
271,9.429289750050168,499.02534113060426,0.019749559633436643,7485.380116959064
272,9.734782938304088,499.02534113060426,0.03224928092042186,10729.044834307992
273,10.876507480657317,499.02534113060426,0.013249704564204332,4990.253411306043
274,10.993754866329239,499.02534113060426,0.012499721286985219,7984.405458089668
275,11.06050337800174,499.02534113060426,0.04549898548462619,12226.120857699805
276,1.1989732658476222,748.5380116959063,0.01549965439586167,3992.202729044834
277,3.1844289950723543,748.5380116959063,0.04274904680148944,27945.419103313838
278,5.03163780686303,748.5380116959063,0.028499364534326298,9481.481481481482
279,5.091386474614819,748.5380116959063,0.012999710138464626,8483.430799220272
280,5.179634506900935,748.5380116959063,0.04399901893018797,22955.165692007795
281,5.393129746482642,748.5380116959063,0.016499632098820487,8233.91812865497
282,6.709100403576446,748.5380116959063,0.014499676692902853,4241.715399610136
283,9.213544560636803,748.5380116959063,0.028749358960066,13473.684210526315
284,9.271793261834155,748.5380116959063,0.015749648821601375,3742.690058479532
285,10.091274989408905,748.5380116959063,0.029999331088764524,16966.861598440544
286,10.137023969319273,748.5380116959063,0.013999687841423445,3992.202729044834
287,1.0599763651363465,998.0506822612085,0.022749492742313096,18214.424951267054
288,2.787187852571964,998.0506822612085,0.032499275346161566,13723.196881091617
289,2.979933554817276,998.0506822612085,0.05849869562309082,27196.88109161793
290,3.357925126535709,998.0506822612085,0.010499765881067583,5239.766081871345
291,5.408129412027025,998.0506822612085,0.01199973243550581,4990.253411306043
292,6.261860375928115,998.0506822612085,0.013999687841423445,4241.715399610136
293,6.591353029053045,998.0506822612085,0.020249548484916054,10978.557504873294
294,7.588080804477246,998.0506822612085,0.011249749158286696,7734.892787524366
295,7.893074003879685,998.0506822612085,0.011249749158286696,5239.766081871345
296,11.171750897455908,998.0506822612085,0.010749760306807287,4740.740740740741
297,1.7197116546634263,1247.5633528265107,0.008499810475149949,7734.892787524366
298,3.815164931213628,1247.5633528265107,0.028999353385805705,16218.323586744638
299,4.695395304243127,1247.5633528265107,0.01199973243550581,4740.740740740741
300,4.721144730094317,1247.5633528265107,0.035999197306517426,36927.87524366471
301,5.844869673794288,1247.5633528265107,0.023749470445271915,8982.456140350876
302,7.0230934023055145,1247.5633528265107,0.016249637673080783,10479.53216374269
303,8.182567548886263,1247.5633528265107,0.014749671118642557,5239.766081871345
304,9.500038172534506,1247.5633528265107,0.024499453722491026,6986.354775828459
305,10.337519498762514,1247.5633528265107,0.011749738009766105,4491.228070175438
306,0.07024843363285692,1497.0760233918127,0.028249370108586594,25699.80506822612
307,1.1767237619567885,1497.0760233918127,0.012249726861245513,7485.380116959064
308,1.6169639456844078,1497.0760233918127,0.0172496153760396,11727.0955165692
309,1.6824624852282104,1497.0760233918127,0.013999687841423445,7984.405458089668
310,5.230883364177574,1497.0760233918127,0.010749760306807287,7485.380116959064
311,0.6047365158643448,1746.5886939571149,0.12324725188967425,66120.85769980507
312,2.411696225110928,1746.5886939571149,0.01374969341568374,4740.740740740741
313,3.614169412918906,1746.5886939571149,0.0229994871680528,10230.019493177388
314,5.687873174429754,1746.5886939571149,0.047248946464804126,28693.957115009744
315,6.7525994336551545,1746.5886939571149,0.009249793752369062,6736.8421052631575
316,6.760849249704565,1746.5886939571149,0.016249637673080783,12226.120857699805
317,7.786576378514572,1746.5886939571149,0.018749581930477828,10729.044834307992
318,7.900323842226137,1746.5886939571149,0.04299904122722915,16717.348927875242
319,8.145318379451048,1746.5886939571149,0.01599964324734108,7734.892787524366
320,8.769054471671609,1746.5886939571149,0.0229994871680528,16218.323586744638
321,9.86827996164909,1746.5886939571149,0.02474944814823073,14222.22222222222
322,10.957505674596982,1746.5886939571149,0.02924934781154541,14721.247563352827
323,2.3901967044973134,1996.101364522417,0.009249793752369062,7485.380116959064
324,3.88141345403465,1996.101364522417,0.051248857276639394,26198.830409356724
325,5.728372271399586,1996.101364522417,0.01549965439586167,6986.354775828459
326,8.237816316974738,1996.101364522417,0.02699939797988807,16218.323586744638
327,9.011299070213383,1996.101364522417,0.028749358960066,11727.0955165692
328,9.145296082409866,1996.101364522417,0.01774960422751901,9730.994152046784
329,1.583714687061027,2245.614035087719,0.010749760306807287,6736.8421052631575
330,4.00791063345894,2245.614035087719,0.02799937568284689,10978.557504873294
331,4.0464097750228545,2245.614035087719,0.07099841691007604,46908.3820662768
332,4.149657472853352,2245.614035087719,0.02124952618787487,11976.608187134501
333,7.456583736538162,2245.614035087719,0.012249726861245513,7485.380116959064
334,7.6648290931793355,2245.614035087719,0.01774960422751901,6487.3294346978555
335,7.741577381881425,2245.614035087719,0.011249749158286696,7235.867446393761
336,10.696261499698991,2245.614035087719,0.04399901893018797,18463.937621832356
337,2.5306935717630274,2495.1267056530214,0.010999754732546992,4740.740740740741
338,5.578125621530023,2495.1267056530214,0.0069998439207117225,8233.91812865497
339,5.977616713862071,2495.1267056530214,0.01599964324734108,7235.867446393761
340,6.225361189770118,2495.1267056530214,0.0114997435840264,5239.766081871345
341,10.247771499921962,2495.1267056530214,0.029999331088764524,10230.019493177388
342,0.20974532319561195,2744.6393762183234,0.0114997435840264,3992.202729044834
343,0.39299123726281526,2744.6393762183234,0.11949733550357869,65871.34502923976
344,2.3266981203594286,2744.6393762183234,0.024499453722491026,16966.861598440544
345,3.6739180806706955,2744.6393762183234,0.033999241900599796,14721.247563352827
346,4.270904769337109,2744.6393762183234,0.03849914156391447,31189.083820662767
347,5.004138420031662,2744.6393762183234,0.01199973243550581,8982.456140350876
348,6.3083593391157,2744.6393762183234,0.013999687841423445,5738.791423001949
349,6.956594885058753,2744.6393762183234,0.009249793752369062,6736.8421052631575
350,10.06327561372606,2744.6393762183234,0.024249459296751322,8732.943469785574
351,10.396268188811346,2744.6393762183234,0.010999754732546992,5489.278752436647
352,2.7156894468104085,2994.1520467836253,0.015749648821601375,5988.304093567251
353,3.512921670494326,2994.1520467836253,0.0114997435840264,5239.766081871345
354,4.7468941559455065,2994.1520467836253,0.04474900220740708,24701.754385964912
355,5.485127695154853,2994.1520467836253,0.016249637673080783,9481.481481481482
356,9.972027648331068,2994.1520467836253,0.01374969341568374,3243.6647173489278
357,10.14777372962608,2994.1520467836253,0.014499676692902853,5489.278752436647
358,1.9987054337889363,3243.6647173489278,0.030249325514504228,13224.171539961013
359,8.282065330330665,3243.6647173489278,0.016499632098820487,4491.228070175438
360,8.753804811701487,3243.6647173489278,0.01949956520769694,8233.91812865497
361,8.789804009008005,3243.6647173489278,0.01199973243550581,8732.943469785574
362,10.306520189970792,3243.6647173489278,0.013499698989944036,8732.943469785574
363,1.6389634551495018,3493.1773879142297,0.018999576356217532,9730.994152046784
364,2.5846923677228033,3493.1773879142297,0.0114997435840264,7235.867446393761
365,4.123408058150684,3493.1773879142297,0.025999420276929253,22705.653021442493
366,4.934139980824545,3493.1773879142297,0.014499676692902853,6237.8167641325535
367,6.023365693772437,3493.1773879142297,0.017499609801779305,5988.304093567251
368,8.011821356106045,3493.1773879142297,0.013499698989944036,5988.304093567251
369,1.2634718276884658,3742.690058479532,0.0172496153760396,6736.8421052631575
370,1.8629584606122769,3742.690058479532,0.018999576356217532,5489.278752436647
371,3.1606795246270822,3742.690058479532,0.027749381257107183,7485.380116959064
372,6.732099890744498,3742.690058479532,0.023249481593792507,8483.430799220272
373,7.868324555731455,3742.690058479532,0.04949889629646146,24452.24171539961
374,10.396018194385606,3742.690058479532,0.06249860643492609,26198.830409356724
375,0.0344992307520792,3992.202729044834,0.019749559633436643,6736.8421052631575
376,1.796959932216995,3992.202729044834,0.0172496153760396,10479.53216374269
377,3.875413587816897,3992.202729044834,0.012999710138464626,6237.8167641325535
378,7.176839974135433,3992.202729044834,0.010749760306807287,6736.8421052631575
379,0.8282315324756405,4241.715399610136,0.07374835559321279,38674.46393762183
380,1.3312203170639256,4241.715399610136,0.0344992307520792,13473.684210526315
381,3.971161452875204,4241.715399610136,0.028249370108586594,6986.354775828459
382,5.215883698633192,4241.715399610136,0.04049909696983211,38923.976608187135
383,7.831325380721979,4241.715399610136,0.026249414702668956,8982.456140350876
384,8.652807063702648,4241.715399610136,0.028749358960066,8982.456140350876
385,10.208022386229349,4241.715399610136,0.04699895203906442,31688.10916179337
386,10.660512296818213,4241.715399610136,0.018999576356217532,10729.044834307992
387,0.3609919507681331,4491.228070175438,0.03674918058373654,22456.14035087719
388,2.5626928582577095,4491.228070175438,0.025999420276929253,11228.070175438595
389,6.445856273272537,4491.228070175438,0.012999710138464626,5489.278752436647
390,6.4873553479453285,4491.228070175438,0.009499788178108766,6237.8167641325535
391,7.2960873152132715,4491.228070175438,0.033999241900599796,25949.317738791422
392,7.582330932685233,4491.228070175438,0.031749292068942454,23703.7037037037
393,8.687306294454727,4491.228070175438,0.014999665544382262,6736.8421052631575
394,10.830758500746951,4491.228070175438,0.025999420276929253,7734.892787524366
395,0.3269927088675333,4740.740740740741,0.026249414702668956,13723.196881091617
396,2.1037030925996123,4740.740740740741,0.00974978260384847,5489.278752436647
397,2.4966943298624273,4740.740740740741,0.012749715712724922,3992.202729044834
398,2.9221848424714043,4740.740740740741,0.05799870677161141,18962.962962962964
399,3.100680862449553,4740.740740740741,0.01199973243550581,6736.8421052631575
400,3.842414323619256,4740.740740740741,0.031749292068942454,16966.861598440544
401,6.707100448170528,4740.740740740741,0.05774871234587171,29692.007797270955
402,0.9702283662957927,4990.253411306043,0.020999531762135166,9231.968810916178
403,1.8229593524939243,4990.253411306043,0.01199973243550581,6986.354775828459
404,2.0772036834712035,4990.253411306043,0.029999331088764524,16717.348927875242
405,4.218155945506032,4990.253411306043,0.0114997435840264,4990.253411306043
406,4.321653637762269,4990.253411306043,0.013999687841423445,5489.278752436647
407,5.251882895939709,4990.253411306043,0.010249771455327879,6237.8167641325535
408,5.595625231331803,4990.253411306043,0.01549965439586167,8233.91812865497
409,7.051342772414102,4990.253411306043,0.049248901870721756,20210.526315789473
410,8.099569399540682,4990.253411306043,0.010749760306807287,4990.253411306043
411,8.902051506165133,4990.253411306043,0.018749581930477828,7734.892787524366
412,9.063797899618722,4990.253411306043,0.029499342237285113,14721.247563352827
413,9.256543601864033,4990.253411306043,0.024999442573970437,16966.861598440544
414,10.117524404111576,4990.253411306043,0.03299926419764097,12226.120857699805
415,0.977478204642244,5239.766081871345,0.04549898548462619,24951.267056530214
416,1.0469766549978818,5239.766081871345,0.016499632098820487,14721.247563352827
417,1.6042142299716828,5239.766081871345,0.012249726861245513,3493.1773879142297
418,3.726416910076033,5239.766081871345,0.10174773127605967,62128.65497076023
419,4.233155611050414,5239.766081871345,0.024999442573970437,10230.019493177388
420,4.899390755646726,5239.766081871345,0.02124952618787487,6487.3294346978555
421,5.62287462373743,5239.766081871345,0.017499609801779305,6986.354775828459
422,6.835347588574996,5239.766081871345,0.019749559633436643,10729.044834307992
423,6.938345291979755,5239.766081871345,0.015749648821601375,6736.8421052631575
424,8.266815670360543,5239.766081871345,0.009499788178108766,6237.8167641325535
425,8.70105598787041,5239.766081871345,0.010749760306807287,7485.380116959064
426,8.711305759325738,5239.766081871345,0.009249793752369062,7734.892787524366
427,8.833553033512453,5239.766081871345,0.019749559633436643,5489.278752436647
428,9.958777943766863,5239.766081871345,0.012499721286985219,6237.8167641325535
429,10.851758032509087,5239.766081871345,0.039999108118352694,29442.495126705653
430,10.906256817320342,5239.766081871345,0.029999331088764524,14471.734892787523
431,11.17775076367366,5239.766081871345,0.011249749158286696,5489.278752436647
432,0.016499632098820487,5489.278752436647,0.016499632098820487,6736.8421052631575
433,0.5489877589243908,5489.278752436647,0.04074909139557181,20210.526315789473
434,1.966956141719994,5489.278752436647,0.03724916943521595,17964.912280701752
435,2.0372045753528507,5489.278752436647,0.028749358960066,21458.089668615983
436,2.3529475350620976,5489.278752436647,0.017499609801779305,6986.354775828459
437,3.6996675065218847,5489.278752436647,0.01674962652456019,5239.766081871345
438,5.363380409819618,5489.278752436647,0.027749381257107183,9231.968810916178
439,5.484627706303374,5489.278752436647,0.028249370108586594,14721.247563352827
440,6.452606122767509,5489.278752436647,0.020749537336395462,12226.120857699805
441,7.615580191308614,5489.278752436647,0.02524943699971014,7485.380116959064
442,9.203544783607216,5489.278752436647,0.020499542910655758,10230.019493177388
443,9.818781065352628,5489.278752436647,0.01674962652456019,9231.968810916178
444,10.407767932395371,5489.278752436647,0.01674962652456019,7485.380116959064
445,0.6779848826060783,5738.791423001949,0.02399946487101162,12226.120857699805
446,1.5289659078240319,5738.791423001949,0.013999687841423445,10230.019493177388
447,6.384107650114831,5738.791423001949,0.02124952618787487,6736.8421052631575
448,7.109341479185713,5738.791423001949,0.030749314365983636,21208.57699805068
449,7.730827621574617,5738.791423001949,0.008999799326629357,8483.430799220272
450,9.848280407589913,5738.791423001949,0.020749537336395462,12725.146198830409
451,10.286520635911616,5738.791423001949,0.021499520613614573,7984.405458089668
452,11.115502151664476,5738.791423001949,0.018499587504738124,10479.53216374269
453,7.687328591495909,5988.304093567251,0.04524899105888649,13723.196881091617
454,8.29406506276617,5988.304093567251,0.021999509465093985,6986.354775828459
455,1.1537242747887355,6237.8167641325535,0.037999152712435064,13972.709551656919
456,4.950889607349105,6237.8167641325535,0.010249771455327879,5738.791423001949
457,5.405879462195367,6237.8167641325535,0.05049887399942028,32686.15984405458
458,6.0126159334656295,6237.8167641325535,0.008499810475149949,6487.3294346978555
459,8.366063457379207,6237.8167641325535,0.018999576356217532,23953.216374269003
460,0.26149416932373076,6487.3294346978555,0.014499676692902853,8483.430799220272
461,1.0234771789783497,6487.3294346978555,0.025999420276929253,10978.557504873294
462,1.3637195924100873,6487.3294346978555,0.009999777029588174,7984.405458089668
463,5.967866931258222,6487.3294346978555,0.009249793752369062,7235.867446393761
464,7.980072064037103,6487.3294346978555,0.016249637673080783,6237.8167641325535
465,8.433061963477448,6487.3294346978555,0.028249370108586594,19961.01364522417
466,8.633807487346429,6487.3294346978555,0.009249793752369062,6736.8421052631575
467,8.927050948739103,6487.3294346978555,0.009499788178108766,4990.253411306043
468,2.6191915984748824,6736.8421052631575,0.01549965439586167,6986.354775828459
469,2.781187986354211,6736.8421052631575,0.014749671118642557,10729.044834307992
470,9.491788356485095,6736.8421052631575,0.014249682267163149,5239.766081871345
471,0.20999531762135165,6986.354775828459,0.0114997435840264,8483.430799220272
472,6.090614194296418,6986.354775828459,0.01199973243550581,5239.766081871345
473,7.954322638185913,6986.354775828459,0.02524943699971014,8732.943469785574
474,8.53280973934759,6986.354775828459,0.021499520613614573,10479.53216374269
475,9.722033222591364,6986.354775828459,0.03474922517781891,44662.76803118908
476,10.822008695846062,6986.354775828459,0.012499721286985219,8982.456140350876
477,6.508604874133203,7235.867446393761,0.019999554059176347,13473.684210526315
478,7.033843162612322,7235.867446393761,0.02749938683136748,13723.196881091617
479,9.432789672010525,7235.867446393761,0.013249704564204332,5988.304093567251
480,9.443039443465853,7235.867446393761,0.0459989743361056,22955.165692007795
481,9.763032308412674,7235.867446393761,0.06799848380119959,24701.754385964912
482,10.52826524560191,7235.867446393761,0.0229994871680528,9980.506822612086
483,1.1362246649869563,7485.380116959064,0.014249682267163149,6237.8167641325535
484,1.1934733884813487,7485.380116959064,0.024999442573970437,21458.089668615983
485,2.898435372026132,7485.380116959064,0.010999754732546992,4990.253411306043
486,3.2541774398537315,7485.380116959064,0.009999777029588174,6986.354775828459
487,9.23479408682468,7485.380116959064,0.009999777029588174,6986.354775828459
488,9.287292916230017,7485.380116959064,0.0229994871680528,7984.405458089668
489,10.601513612343643,7485.380116959064,0.031249303217463047,43914.230019493174
490,3.260927289348704,7734.892787524366,0.012249726861245513,10479.53216374269
491,6.0151158777230265,7734.892787524366,0.027249392405627775,12475.633528265107
492,6.408607103837321,7734.892787524366,0.045748979910365896,25949.317738791422
493,8.381313117349329,7734.892787524366,0.019749559633436643,8982.456140350876
494,9.021798836094451,7734.892787524366,0.05399879595977614,22955.165692007795
495,9.15829579254833,7734.892787524366,0.03499921960355861,32686.15984405458
496,10.63001297687797,7734.892787524366,0.05449878481125555,47906.432748538005
497,10.97550527325024,7734.892787524366,0.02924934781154541,12974.658869395711
498,0.1317470623648242,7984.405458089668,0.01374969341568374,5988.304093567251
499,0.9404790296327677,7984.405458089668,0.03974911369261299,23454.1910331384
500,3.138930009587728,7984.405458089668,0.04774893531628353,13473.684210526315
501,5.6093749247474864,7984.405458089668,0.02349947601953221,9730.994152046784
502,9.694033846908516,7984.405458089668,0.01674962652456019,5239.766081871345
503,4.389902115989209,8233.91812865497,0.00974978260384847,6487.3294346978555
504,5.0416375838926175,8233.91812865497,0.08474811032575978,32686.15984405458
505,8.152818212223238,8233.91812865497,0.04949889629646146,33933.72319688109
506,8.74305505139468,8233.91812865497,0.021499520613614573,11976.608187134501
507,11.135001716872171,8233.91812865497,0.019999554059176347,15968.810916179336
508,0.7537331936052086,8483.430799220272,0.014249682267163149,7485.380116959064
509,0.8577308747129256,8483.430799220272,0.02524943699971014,12725.146198830409
510,10.471266516533257,8483.430799220272,0.017499609801779305,12475.633528265107
511,1.8507087337510313,8732.943469785574,0.04549898548462619,15469.785575048732
512,2.512193984258289,8732.943469785574,0.0229994871680528,10230.019493177388
513,2.726189212691476,8732.943469785574,0.010999754732546992,6487.3294346978555
514,3.4819223617026025,8732.943469785574,0.02174951503935428,6736.8421052631575
515,4.626146848313229,8732.943469785574,0.016249637673080783,7235.867446393761
516,5.398129634997436,8732.943469785574,0.015749648821601375,4491.228070175438
517,1.571964949051261,8982.456140350876,0.013249704564204332,4491.228070175438
518,1.5852146536154654,8982.456140350876,0.010249771455327879,8732.943469785574
519,1.8167094918504316,8982.456140350876,0.029499342237285113,15469.785575048732
520,3.9491619434101097,8982.456140350876,0.10124774242458026,44163.742690058476
521,4.534148899641018,8982.456140350876,0.01949956520769694,9481.481481481482
522,8.723805480612723,8982.456140350876,0.030499319940243932,34682.261208576994
523,10.496015964681488,8982.456140350876,0.01374969341568374,2994.1520467836253
524,0.19124573569087383,9231.968810916178,0.01549965439586167,8732.943469785574
525,3.335175633793396,9231.968810916178,0.008749804900889653,5988.304093567251
526,3.571920354968896,9231.968810916178,0.014749671118642557,4740.740740740741
527,7.632579812258914,9231.968810916178,0.04274904680148944,11228.070175438595
528,7.768826774287053,9231.968810916178,0.06149862873196727,41918.12865497076
529,8.000321612522018,9231.968810916178,0.03574920288077772,16467.83625730994
530,8.489060714843141,9231.968810916178,0.011249749158286696,9980.506822612086
531,9.753532520234566,9231.968810916178,0.018499587504738124,5738.791423001949
532,0.5329881156770497,9481.481481481482,0.014999665544382262,5738.791423001949
533,1.1012254453833976,9481.481481481482,0.03849914156391447,9980.506822612086
534,1.71646172712881,9481.481481481482,0.01374969341568374,4990.253411306043
535,1.7814602778211333,9481.481481481482,0.012249726861245513,6986.354775828459
536,4.696645276371826,9481.481481481482,0.012749715712724922,6487.3294346978555
537,4.787643247341078,9481.481481481482,0.012749715712724922,9730.994152046784
538,4.9778890053289935,9481.481481481482,0.027749381257107183,16966.861598440544
539,5.159884947267498,9481.481481481482,0.015249659970121966,5239.766081871345
540,5.684373252469398,9481.481481481482,0.013249704564204332,4990.253411306043
541,6.085864300207363,9481.481481481482,0.03774915828669536,16467.83625730994
542,7.389835224865661,9481.481481481482,0.03674918058373654,14222.22222222222
543,8.80180374144351,9481.481481481482,0.014749671118642557,4491.228070175438
544,9.506788022029477,9481.481481481482,0.01199973243550581,5738.791423001949
545,0.15124662757252114,9730.994152046784,0.02699939797988807,12725.146198830409
546,0.4077409083814578,9730.994152046784,0.026749403554148368,4491.228070175438
547,3.9334122945885084,9730.994152046784,0.015249659970121966,9481.481481481482
548,5.451128453254253,9730.994152046784,0.021499520613614573,8233.91812865497
549,7.091591874958193,9730.994152046784,0.018249593078998417,4990.253411306043
550,8.271565564449599,9730.994152046784,0.03099930879172334,8233.91812865497
551,9.630285268344892,9730.994152046784,0.04074909139557181,11477.582846003897
552,10.92500639925082,9730.994152046784,0.008249816049410243,5738.791423001949
553,0.08399812704854066,9980.506822612086,0.035999197306517426,27446.393762183234
554,2.267949430310598,9980.506822612086,0.014249682267163149,5738.791423001949
555,2.9109350933131175,9980.506822612086,0.019749559633436643,10729.044834307992
556,7.4850831010724885,9980.506822612086,0.016249637673080783,6736.8421052631575
557,8.33056424892417,9980.506822612086,0.02224950389083369,20959.06432748538
558,1.2467222011639056,10230.019493177388,0.017999598653258713,10978.557504873294
559,5.024137974090839,10230.019493177388,0.011749738009766105,5738.791423001949
560,8.818053379116591,10230.019493177388,0.018749581930477828,10230.019493177388
561,10.043276059666884,10230.019493177388,0.03299926419764097,30440.54580896686
562,10.517015496443623,10230.019493177388,0.01949956520769694,9730.994152046784
563,11.05225356195233,10230.019493177388,0.028249370108586594,40421.05263157895
564,11.079502954357958,10230.019493177388,0.010749760306807287,4740.740740740741
565,1.5967143971994917,10479.53216374269,0.018499587504738124,12226.120857699805
566,2.4441955004570897,10479.53216374269,0.11024754175120963,47656.9200779727
567,5.14938518138643,10479.53216374269,0.012749715712724922,9231.968810916178
568,6.449356195232893,10479.53216374269,0.1034976922562376,37177.387914230014
569,8.501560436130125,10479.53216374269,0.011749738009766105,5489.278752436647
570,8.641807308970101,10479.53216374269,0.028749358960066,16717.348927875242
571,0.2222450444825972,10729.044834307992,0.030249325514504228,10978.557504873294
572,1.6694627750897457,10729.044834307992,0.014499676692902853,7485.380116959064
573,2.6454410131775514,10729.044834307992,0.013499698989944036,8982.456140350876
574,2.840936654106,10729.044834307992,0.11074753060268903,55890.838206627675
575,4.207406185199225,10729.044834307992,0.0229994871680528,9481.481481481482
576,6.181862159691409,10729.044834307992,0.021999509465093985,15469.785575048732
577,7.286587527035163,10729.044834307992,0.010999754732546992,7235.867446393761
578,7.738077459921069,10729.044834307992,0.02399946487101162,9231.968810916178
579,7.993571763027047,10729.044834307992,0.011249749158286696,6986.354775828459
580,8.048320542264042,10729.044834307992,0.03824914713817477,22206.62768031189
581,1.893207786126781,10978.557504873294,0.012249726861245513,4491.228070175438
582,2.2724493299739126,10978.557504873294,0.03224928092042186,18713.45029239766
583,2.365947245200562,10978.557504873294,0.03324925862338068,19461.988304093567
584,4.305154005663449,10978.557504873294,0.011749738009766105,6986.354775828459
585,6.76459916609066,10978.557504873294,0.02399946487101162,7984.405458089668
586,6.907095988762292,10978.557504873294,0.02749938683136748,14721.247563352827
587,6.9273455372472075,10978.557504873294,0.01674962652456019,8233.91812865497
588,7.81357577649446,10978.557504873294,0.08299814934558185,38923.976608187135
589,9.669784387611765,10978.557504873294,0.028499364534326298,17216.374269005846
590,10.389518339316373,10978.557504873294,0.01374969341568374,6237.8167641325535
591,3.555920711721555,11228.070175438595,0.01549965439586167,7734.892787524366
592,5.632124417489799,11228.070175438595,0.017999598653258713,6986.354775828459
593,6.419106869718389,11228.070175438595,0.013499698989944036,8233.91812865497
594,6.652351668933533,11228.070175438595,0.020499542910655758,5738.791423001949
595,6.799348391268479,11228.070175438595,0.08799803786037594,37177.387914230014
596,7.1290910388191495,11228.070175438595,0.020749537336395462,7984.405458089668
597,8.681056433811234,11228.070175438595,0.01674962652456019,4990.253411306043
598,8.714805681286094,11228.070175438595,0.010749760306807287,5988.304093567251
599,8.874302124908025,11228.070175438595,0.08274815491984214,35929.824561403504
600,10.942756003478339,11228.070175438595,0.07349836116747308,27446.393762183234
601,0.2454945260763897,11477.582846003897,0.014749671118642557,4740.740740740741
602,1.4284681486766708,11477.582846003897,0.028999353385805705,16717.348927875242
603,3.2346778746460347,11477.582846003897,0.017999598653258713,12725.146198830409
604,6.547604004548597,11477.582846003897,0.04274904680148944,14471.734892787523
605,7.516082409864212,11477.582846003897,0.011749738009766105,4491.228070175438
606,8.10006938839216,11477.582846003897,0.02974933666302482,16218.323586744638
607,0.11674739682044194,11727.0955165692,0.02524943699971014,17216.374269005846
608,2.019204976699592,11727.0955165692,0.018499587504738124,7984.405458089668
609,2.2514497982117776,11727.0955165692,0.010249771455327879,5988.304093567251
610,4.144157595487079,11727.0955165692,0.008749804900889653,6986.354775828459
611,7.675828847911883,11727.0955165692,0.018749581930477828,6736.8421052631575
612,8.02507106067025,11727.0955165692,0.010999754732546992,5988.304093567251
613,10.45151695689982,11727.0955165692,0.011249749158286696,4241.715399610136
614,10.670762068273541,11727.0955165692,0.016499632098820487,9730.994152046784
615,0.5004888403308881,11976.608187134501,0.023749470445271915,8982.456140350876
616,2.1692016321434147,11976.608187134501,0.015249659970121966,4740.740740740741
617,3.345175410822984,11976.608187134501,0.010249771455327879,6237.8167641325535
618,3.4206737273963745,11976.608187134501,0.04199906352427033,22206.62768031189
619,0.2937434502441526,12226.120857699805,0.0114997435840264,7485.380116959064
620,1.3137207072621464,12226.120857699805,0.020499542910655758,4491.228070175438
621,3.804415170906821,12226.120857699805,0.018999576356217532,9980.506822612086
622,4.044159825191198,12226.120857699805,0.010499765881067583,6237.8167641325535
623,5.113635978505653,12226.120857699805,0.02974933666302482,28943.469785575046
624,7.022593413454035,12226.120857699805,0.00974978260384847,5239.766081871345
625,0.6719850163883253,12475.633528265107,0.012999710138464626,6736.8421052631575
626,1.5124662757252114,12475.633528265107,0.014999665544382262,6736.8421052631575
627,2.5429432986242726,12475.633528265107,0.0229994871680528,11228.070175438595
628,4.001660772815447,12475.633528265107,0.011749738009766105,5988.304093567251
629,5.264132622800955,12475.633528265107,0.022499498316573392,5988.304093567251
630,7.934323084126737,12475.633528265107,0.05674873464291289,16717.348927875242
631,8.841052866284645,12475.633528265107,0.017999598653258713,5489.278752436647
632,11.09500260875382,12475.633528265107,0.01199973243550581,5489.278752436647
633,0.043749024504448265,12725.146198830409,0.026249414702668956,24452.24171539961
634,5.005138397734621,12725.146198830409,0.014999665544382262,7235.867446393761
635,6.120863519810921,12725.146198830409,0.024249459296751322,16717.348927875242
636,8.132818658164062,12725.146198830409,0.013999687841423445,9231.968810916178
637,8.43056201922005,12725.146198830409,0.010749760306807287,4990.253411306043
638,8.503560391536045,12725.146198830409,0.030249325514504228,21458.089668615983
639,10.279270797565164,12725.146198830409,0.035249214029298315,24951.267056530214
640,2.393696626457669,12974.658869395711,0.018749581930477828,8732.943469785574
641,9.011049075787644,12974.658869395711,0.013499698989944036,6487.3294346978555
642,10.741010501906398,12974.658869395711,0.014249682267163149,4990.253411306043
643,0.5212383776672835,13224.171539961013,0.01674962652456019,15719.298245614034
644,1.1394745925215726,13224.171539961013,0.018499587504738124,9231.968810916178
645,4.696895270797565,13224.171539961013,0.011249749158286696,9481.481481481482
646,9.243793886151309,13224.171539961013,0.014999665544382262,5239.766081871345
647,10.473766460790653,13224.171539961013,0.04774893531628353,17216.374269005846
648,0.76948284242681,13473.684210526315,0.025499431425449845,12475.633528265107
649,1.7907100715735023,13473.684210526315,0.025499431425449845,10978.557504873294
650,5.649374032865839,13473.684210526315,0.0172496153760396,17465.886939571148
651,7.786576378514572,13473.684210526315,0.01774960422751901,8483.430799220272
652,8.204817052777097,13473.684210526315,0.01549965439586167,4491.228070175438
653,9.835030703025708,13473.684210526315,0.011749738009766105,4241.715399610136
654,4.808392784677474,13723.196881091617,0.02524943699971014,17216.374269005846
655,8.767054516265691,13723.196881091617,0.03099930879172334,12226.120857699805
656,9.42853976677295,13723.196881091617,0.023749470445271915,10230.019493177388
657,10.132774064081698,13723.196881091617,0.03149929764320275,31688.10916179337
658,0.5382379986175835,13972.709551656919,0.01599964324734108,7734.892787524366
659,1.6364635108921048,13972.709551656919,0.015249659970121966,6237.8167641325535
660,2.7789380365225536,13972.709551656919,0.05299881825681733,20709.551656920077
661,5.770121340498116,13972.709551656919,0.014499676692902853,9481.481481481482
662,6.636102031260452,13972.709551656919,0.028249370108586594,21707.602339181285
663,9.49528827844545,13972.709551656919,0.0114997435840264,5988.304093567251
664,9.75003259827421,13972.709551656919,0.02974933666302482,13224.171539961013
665,10.782759571004929,13972.709551656919,0.010749760306807287,3742.690058479532
666,0.32749269771901274,14222.22222222222,0.009249793752369062,5988.304093567251
667,2.837936720997124,14222.22222222222,0.014749671118642557,7235.867446393761
668,5.943617471961471,14222.22222222222,0.02749938683136748,14222.22222222222
669,7.495582866953556,14222.22222222222,0.02399946487101162,6487.3294346978555
670,0.27024397422462043,14471.734892787523,0.03474922517781891,12974.658869395711
671,1.078975941492564,14471.734892787523,0.020749537336395462,10230.019493177388
672,3.294426542397824,14471.734892787523,0.0857480880287186,38923.976608187135
673,3.575920265780731,14471.734892787523,0.016249637673080783,8483.430799220272
674,6.375107850788201,14471.734892787523,0.020499542910655758,7235.867446393761
675,8.391062899953177,14471.734892787523,0.03299926419764097,13224.171539961013
676,2.1772014537670854,14721.247563352827,0.014999665544382262,4990.253411306043
677,2.5524430868023815,14721.247563352827,0.04774893531628353,31438.59649122807
678,3.276676938170305,14721.247563352827,0.012749715712724922,5988.304093567251
679,4.187656625565788,14721.247563352827,0.06999843920711722,48155.945419103315
680,5.676873419697206,14721.247563352827,0.024499453722491026,6736.8421052631575
681,7.067342415661442,14721.247563352827,0.010249771455327879,5988.304093567251
682,8.722805502909765,14721.247563352827,0.012249726861245513,8233.91812865497
683,9.213044571785325,14721.247563352827,0.0229994871680528,11228.070175438595
684,10.550514749492743,14721.247563352827,0.017499609801779305,9231.968810916178
685,5.036887689803564,14970.760233918129,0.024999442573970437,21957.115009746587
686,5.325381257107182,14970.760233918129,0.012499721286985219,8732.943469785574
687,5.434878815581173,14970.760233918129,0.030749314365983636,12725.146198830409
688,7.469083457825147,14970.760233918129,0.016249637673080783,8233.91812865497
689,7.658079243684364,14970.760233918129,0.03349925304912038,14721.247563352827
690,9.494538295168232,14970.760233918129,0.05024887957368058,54643.274853801166
691,10.590263863185356,14970.760233918129,0.016999620950299898,13723.196881091617
692,2.2596996142611876,15220.27290448343,0.010249771455327879,9231.968810916178
693,3.116180516845415,15220.27290448343,0.02399946487101162,16218.323586744638
694,4.587147717897835,15220.27290448343,0.017499609801779305,13972.709551656919
695,5.472377979442128,15220.27290448343,0.015249659970121966,6986.354775828459
696,6.661351468260162,15220.27290448343,0.0342492363263395,20460.038986354775
697,7.5270821645967585,15220.27290448343,0.03824914713817477,16966.861598440544
698,8.240316261232135,15220.27290448343,0.04749894089054383,15220.27290448343
699,9.366541149189503,15220.27290448343,0.018749581930477828,9231.968810916178
700,9.696533791165914,15220.27290448343,0.025999420276929253,8982.456140350876
701,0.6049865102900845,15469.785575048732,0.026499409128408664,9730.994152046784
702,0.7242338513679235,15469.785575048732,0.043749024504448265,30939.571150097465
703,2.0577041182635067,15469.785575048732,0.015749648821601375,5489.278752436647
704,3.349675310486299,15469.785575048732,0.014249682267163149,10230.019493177388
705,3.4684226627126584,15469.785575048732,0.028999353385805705,22456.14035087719
706,3.954661820776383,15469.785575048732,0.009999777029588174,6237.8167641325535
707,4.372652500613169,15469.785575048732,0.031249303217463047,16717.348927875242
708,4.918140337577204,15469.785575048732,0.016499632098820487,4491.228070175438
709,6.267360253294388,15469.785575048732,0.01549965439586167,6237.8167641325535
710,9.277043144774689,15469.785575048732,0.035999197306517426,15220.27290448343
711,2.4364456732591586,15719.298245614034,0.015249659970121966,6736.8421052631575
712,4.6206469709469555,15719.298245614034,0.021499520613614573,12475.633528265107
713,4.779643425717408,15719.298245614034,0.013499698989944036,6487.3294346978555
714,6.796598452585342,15719.298245614034,0.01374969341568374,3742.690058479532
715,7.0410930009587736,15719.298245614034,0.028999353385805705,17964.912280701752
716,7.246088430065331,15719.298245614034,0.032499275346161566,17465.886939571148
717,7.506332627260363,15719.298245614034,0.02474944814823073,32187.134502923975
718,8.561559098307654,15719.298245614034,0.04324903565296886,25699.80506822612
719,10.233271823229058,15719.298245614034,0.04349903007870856,21707.602339181285
720,10.447767040513725,15719.298245614034,0.02799937568284689,26198.830409356724
721,7.436834176904726,15968.810916179336,0.010749760306807287,5489.278752436647
722,0.13974688398849475,16218.323586744638,0.01549965439586167,7235.867446393761
723,1.2142229258177442,16218.323586744638,0.02474944814823073,7734.892787524366
724,3.175429195745725,16218.323586744638,0.014499676692902853,18463.937621832356
725,3.560920600236349,16218.323586744638,0.01374969341568374,5738.791423001949
726,3.675918036076613,16218.323586744638,0.017499609801779305,7734.892787524366
727,4.268904813931192,16218.323586744638,0.010249771455327879,8732.943469785574
728,5.000388503645566,16218.323586744638,0.03474922517781891,44912.28070175438
729,8.677556511850877,16218.323586744638,0.02699939797988807,14721.247563352827
730,0.4749894089054383,16467.83625730994,0.012999710138464626,6736.8421052631575
731,1.1429745144819283,16467.83625730994,0.0514988517023791,36678.36257309941
732,3.836164462975763,16467.83625730994,0.013249704564204332,6237.8167641325535
733,4.466150415839818,16467.83625730994,0.013249704564204332,7235.867446393761
734,5.621624651608732,16467.83625730994,0.014999665544382262,9481.481481481482
735,6.099114004771567,16467.83625730994,0.016999620950299898,7485.380116959064
736,8.299314945706705,16467.83625730994,0.02349947601953221,11477.582846003897
737,9.64828486699815,16467.83625730994,0.020249548484916054,6986.354775828459
738,9.907029097638745,16467.83625730994,0.015249659970121966,12226.120857699805
739,11.105752369060626,16467.83625730994,0.026749403554148368,21458.089668615983
740,0.3049931994024393,16717.348927875242,0.028249370108586594,13972.709551656919
741,1.6882123570202237,16717.348927875242,0.011249749158286696,8982.456140350876
742,2.1162028138865976,16717.348927875242,0.018499587504738124,18463.937621832356
743,3.2261780641708846,16717.348927875242,0.010749760306807287,11228.070175438595
744,3.3711748310999132,16717.348927875242,0.008499810475149949,7485.380116959064
745,4.800392963053803,16717.348927875242,0.013499698989944036,4241.715399610136
746,7.611580280496779,16717.348927875242,0.05224883497959821,28444.44444444444
747,10.094524916943522,16717.348927875242,0.024249459296751322,9730.994152046784
748,10.529265223304868,16717.348927875242,0.009999777029588174,6237.8167641325535
749,10.72251091440166,16717.348927875242,0.01374969341568374,7984.405458089668
750,0.8764804566434035,16966.861598440544,0.01374969341568374,6487.3294346978555
751,1.0304770228990614,16966.861598440544,0.018249593078998417,7984.405458089668
752,1.6559630760998016,16966.861598440544,0.01774960422751901,8732.943469785574
753,2.4034464090615177,16966.861598440544,0.024499453722491026,23204.678362573097
754,2.9534341456888673,16966.861598440544,0.02699939797988807,10479.53216374269
755,3.4936720997123683,16966.861598440544,0.012249726861245513,9481.481481481482
756,3.659918392829272,16966.861598440544,0.05574875693995407,27695.906432748536
757,5.267632544761311,16966.861598440544,0.01674962652456019,14222.22222222222
758,5.374630158977904,16966.861598440544,0.009999777029588174,9231.968810916178
759,5.496127449887401,16966.861598440544,0.033999241900599796,27695.906432748536
760,7.327586612856474,16966.861598440544,0.01599964324734108,8982.456140350876
761,7.695328413119579,16966.861598440544,0.02349947601953221,13473.684210526315
762,7.851574929206895,16966.861598440544,0.017999598653258713,7485.380116959064
763,9.40329032977324,16966.861598440544,0.03149929764320275,17216.374269005846
764,9.595036054315592,16966.861598440544,0.011749738009766105,7235.867446393761
765,10.082775178933757,16966.861598440544,0.008749804900889653,6237.8167641325535
766,10.826758589935116,16966.861598440544,0.0344992307520792,19461.988304093567
767,0.17924600325536802,17216.374269005846,0.02799937568284689,11228.070175438595
768,3.8949131530245937,17216.374269005846,0.01674962652456019,9730.994152046784
769,6.786348681130015,17216.374269005846,0.017499609801779305,17465.886939571148
770,7.4850831010724885,17216.374269005846,0.014749671118642557,6237.8167641325535
771,8.653557046979866,17216.374269005846,0.03499921960355861,11477.582846003897
772,8.985799638787933,17216.374269005846,0.038749135989654175,16467.83625730994
773,0.18724582487903857,17465.886939571148,0.053498807108296735,35680.3118908382
774,1.5572152779326185,17465.886939571148,0.03199928649468216,10729.044834307992
775,2.07195380053067,17465.886939571148,0.02799937568284689,12226.120857699805
776,4.252405181832371,17465.886939571148,0.031249303217463047,31438.59649122807
777,4.507649490512609,17465.886939571148,0.019749559633436643,7734.892787524366
778,5.857119400655534,17465.886939571148,0.025499431425449845,11477.582846003897
779,8.382813083903766,17465.886939571148,0.010499765881067583,6237.8167641325535
780,8.844052799393522,17465.886939571148,0.01199973243550581,7734.892787524366
781,9.831280786639613,17465.886939571148,0.032499275346161566,18214.424951267054
782,9.983777386340833,17465.886939571148,0.010749760306807287,6237.8167641325535
783,10.109774576913644,17465.886939571148,0.02174951503935428,13723.196881091617
784,10.387268389484715,17465.886939571148,0.007499832772191131,6237.8167641325535
785,10.432017391692122,17465.886939571148,0.020749537336395462,24701.754385964912
786,10.890257174073001,17465.886939571148,0.02474944814823073,7984.405458089668
787,10.930506276617093,17465.886939571148,0.019249570781957236,11477.582846003897
788,3.870413699302103,17715.39961013645,0.008999799326629357,5489.278752436647
789,4.27890459096078,17715.39961013645,0.01199973243550581,9481.481481481482
790,6.9400952529599325,17715.39961013645,0.013999687841423445,9730.994152046784
791,7.918073446453656,17715.39961013645,0.016499632098820487,11477.582846003897
792,8.090819594639791,17715.39961013645,0.014499676692902853,8233.91812865497
793,9.394540524872351,17715.39961013645,0.009999777029588174,5738.791423001949
794,10.030276349528418,17715.39961013645,0.012249726861245513,5738.791423001949
795,10.531765167562265,17715.39961013645,0.01599964324734108,8483.430799220272
796,10.762260028094273,17715.39961013645,0.018249593078998417,10978.557504873294
797,1.6082141407835182,17964.912280701752,0.03274926977190127,17465.886939571148
798,2.33394795870588,17964.912280701752,0.02699939797988807,19961.01364522417
799,2.6209415594550607,17964.912280701752,0.03324925862338068,12974.658869395711
800,3.163179468884479,17964.912280701752,0.012499721286985219,4241.715399610136
801,4.148407500724654,17964.912280701752,0.020749537336395462,9730.994152046784
802,6.9860942272960385,17964.912280701752,0.02224950389083369,14721.247563352827
803,10.18177297152668,17964.912280701752,0.02349947601953221,9980.506822612086
804,11.14575147717898,17964.912280701752,0.020249548484916054,13473.684210526315
805,1.1317247653236417,18214.424951267054,0.0114997435840264,8982.456140350876
806,3.8541640616290223,18214.424951267054,0.012999710138464626,8732.943469785574
807,5.662123748578564,18214.424951267054,0.022749492742313096,10729.044834307992
808,7.746577270396219,18214.424951267054,0.01199973243550581,4990.253411306043
809,3.4546729692969746,18463.937621832356,0.011749738009766105,5988.304093567251
810,3.8741636156881984,18463.937621832356,0.027249392405627775,25200.779727095516
811,8.455311467368281,18463.937621832356,0.010999754732546992,6237.8167641325535
812,8.804053691275168,18463.937621832356,0.054748779236995254,40920.07797270955
813,10.565514415037125,18463.937621832356,0.018499587504738124,7984.405458089668
814,0.33299257508528624,18713.45029239766,0.010499765881067583,13723.196881091617
815,2.013455104907579,18713.45029239766,0.02474944814823073,6237.8167641325535
816,2.659440701018975,18713.45029239766,0.012499721286985219,6986.354775828459
817,9.53803732524694,18713.45029239766,0.03699917500947625,26198.830409356724
818,10.02052656692457,18713.45029239766,0.0342492363263395,46658.869395711496
819,10.775509732658477,18713.45029239766,0.02974933666302482,8233.91812865497
820,0.459989743361056,18962.962962962964,0.012249726861245513,6487.3294346978555
821,3.1536796807063707,18962.962962962964,0.011249749158286696,6237.8167641325535
822,3.9331623001627687,18962.962962962964,0.02224950389083369,10729.044834307992
823,5.283632188008652,18962.962962962964,0.012999710138464626,17216.374269005846
824,5.605375013935651,18962.962962962964,0.01549965439586167,6237.8167641325535
825,6.765599143793619,18962.962962962964,0.01199973243550581,8982.456140350876
826,8.322814421726237,18962.962962962964,0.00974978260384847,15469.785575048732
827,9.306542487011974,18962.962962962964,0.017499609801779305,10978.557504873294
828,9.376290931793351,18962.962962962964,0.02749938683136748,11477.582846003897
829,5.165134830208032,19212.475633528265,0.024999442573970437,10230.019493177388
830,6.962094762425027,19212.475633528265,0.023249481593792507,13723.196881091617
831,7.448833909340231,19212.475633528265,0.008749804900889653,5489.278752436647
832,10.159023478784366,19212.475633528265,0.0514988517023791,46409.356725146194
833,10.694511538718812,19212.475633528265,0.02399946487101162,8483.430799220272
834,0.5924867890030994,19461.988304093567,0.011749738009766105,9481.481481481482
835,1.8059597315436242,19461.988304093567,0.010249771455327879,7235.867446393761
836,2.268949408013557,19461.988304093567,0.012249726861245513,11228.070175438595
837,2.3309480255970034,19461.988304093567,0.015249659970121966,6237.8167641325535
838,2.9981831478962744,19461.988304093567,0.0114997435840264,8233.91812865497
839,3.2876766929028522,19461.988304093567,0.018249593078998417,6986.354775828459
840,4.022660304577583,19461.988304093567,0.02799937568284689,28693.957115009744
841,7.378335481281635,19461.988304093567,0.06124863430622757,71360.6237816764
842,7.806075943722269,19461.988304093567,0.012249726861245513,4990.253411306043
843,9.232294142567282,19461.988304093567,0.040999085821311516,23454.1910331384
844,11.084252848447012,19461.988304093567,0.017999598653258713,11228.070175438595
845,0.25449432540301903,19711.50097465887,0.014249682267163149,5489.278752436647
846,4.790143191598475,19711.50097465887,0.01199973243550581,8483.430799220272
847,5.435628798858392,19711.50097465887,0.011749738009766105,4740.740740740741
848,6.063864790742269,19711.50097465887,0.02224950389083369,15968.810916179336
849,6.888096412406075,19711.50097465887,0.010249771455327879,7235.867446393761
850,8.48156088207095,19711.50097465887,0.01199973243550581,6736.8421052631575
851,9.075797632054227,19711.50097465887,0.013499698989944036,10479.53216374269
852,9.81853107092689,19711.50097465887,0.015749648821601375,8483.430799220272
853,1.0454766884434437,19961.01364522417,0.07599830542487013,19961.01364522417
854,1.2144729202434839,19961.01364522417,0.00974978260384847,10479.53216374269
855,2.052204240897233,19961.01364522417,0.022499498316573392,31688.10916179337
856,3.0336823563513122,19961.01364522417,0.02174951503935428,10230.019493177388
857,7.070092354344579,19961.01364522417,0.012749715712724922,10230.019493177388
858,8.116319026065241,19961.01364522417,0.019999554059176347,10479.53216374269
859,8.137318557827378,19961.01364522417,0.016999620950299898,15469.785575048732
860,8.195817253450468,19961.01364522417,0.02474944814823073,19461.988304093567
861,1.584714664763986,20210.526315789473,0.012249726861245513,6237.8167641325535
862,3.2661771722892374,20210.526315789473,0.02474944814823073,23204.678362573097
863,7.140590782403176,20210.526315789473,0.032499275346161566,25949.317738791422
864,7.572831144507124,20210.526315789473,0.012999710138464626,10230.019493177388
865,7.725827733059823,20210.526315789473,0.018249593078998417,11228.070175438595
866,7.7478272425249175,20210.526315789473,0.02574942585118955,11228.070175438595
867,9.189545095765792,20210.526315789473,0.014749671118642557,7485.380116959064
868,1.6789625632678544,20460.038986354775,0.018749581930477828,12226.120857699805
869,5.062887110080493,20460.038986354775,0.010749760306807287,8982.456140350876
870,5.483877723026155,20460.038986354775,0.015249659970121966,11228.070175438595
871,7.558331467814222,20460.038986354775,0.014749671118642557,11228.070175438595
872,8.907551383531406,20460.038986354775,0.009499788178108766,8233.91812865497
873,9.477538674217932,20460.038986354775,0.026249414702668956,8483.430799220272
874,11.201250239693193,20460.038986354775,0.010749760306807287,13473.684210526315
875,0.5684873241320877,20709.551656920077,0.026749403554148368,30191.03313840156
876,1.4259682044192736,20709.551656920077,0.018249593078998417,33185.18518518518
877,1.8314591629690742,20709.551656920077,0.03549920845503802,13723.196881091617
878,4.157157305625544,20709.551656920077,0.021999509465093985,12226.120857699805
879,10.735010635688646,20709.551656920077,0.02224950389083369,9231.968810916178
880,3.3786746638721046,20959.06432748538,0.022499498316573392,18214.424951267054
881,10.517765479720842,20959.06432748538,0.013999687841423445,4491.228070175438
882,1.1184750607594374,21208.57699805068,0.012999710138464626,5239.766081871345
883,6.900346139267319,21208.57699805068,0.015249659970121966,22456.14035087719
884,9.966277776539053,21208.57699805068,0.02749938683136748,21208.57699805068
885,0.24449454837343088,21458.089668615983,0.007499832772191131,11228.070175438595
886,0.5067387009743808,21458.089668615983,0.0114997435840264,5239.766081871345
887,6.178862226582533,21458.089668615983,0.0459989743361056,20210.526315789473
888,6.385607616669269,21458.089668615983,0.014749671118642557,16717.348927875242
889,8.522559967892262,21458.089668615983,0.0229994871680528,20959.06432748538
890,8.724805458315682,21458.089668615983,0.014249682267163149,9980.506822612086
891,1.8659583937211532,21707.602339181285,0.009999777029588174,8483.430799220272
892,6.368358001293229,21707.602339181285,0.014499676692902853,8233.91812865497
893,8.275815469687172,21707.602339181285,0.04449900778166738,54643.274853801166
894,8.540059577694041,21707.602339181285,0.02399946487101162,13224.171539961013
895,11.10300243037749,21707.602339181285,0.013999687841423445,6736.8421052631575
896,0.1432468059488506,21957.115009746587,0.01374969341568374,6487.3294346978555
897,0.5444878592610761,21957.115009746587,0.008499810475149949,6736.8421052631575
898,1.0137273963745013,21957.115009746587,0.016499632098820487,10479.53216374269
899,1.2139729313920045,21957.115009746587,0.048498918593502645,38923.976608187135
900,5.514127048540659,21957.115009746587,0.017499609801779305,9231.968810916178
901,5.624624584717608,21957.115009746587,0.03224928092042186,35181.2865497076
902,6.541104149479365,21957.115009746587,0.05649874021717319,43415.20467836257
903,6.70560048161609,21957.115009746587,0.008749804900889653,6237.8167641325535
904,8.753554817275749,21957.115009746587,0.013499698989944036,9481.481481481482
905,9.994027157796161,21957.115009746587,0.012749715712724922,7235.867446393761
906,4.548398581908181,22206.62768031189,0.01774960422751901,9730.994152046784
907,6.599352850676715,22206.62768031189,0.010749760306807287,7235.867446393761
908,8.854802559700328,22206.62768031189,0.007749827197930835,7235.867446393761
909,10.938506098240765,22206.62768031189,0.03299926419764097,27945.419103313838
910,5.608374947044528,22456.14035087719,0.018499587504738124,10729.044834307992
911,8.98779959419385,22456.14035087719,0.028249370108586594,11228.070175438595
912,9.270293295279718,22456.14035087719,0.019249570781957236,22456.14035087719
913,9.635785145711164,22456.14035087719,0.03349925304912038,17465.886939571148
914,10.57801413632411,22456.14035087719,0.014749671118642557,6986.354775828459
915,10.721760931124441,22456.14035087719,0.012999710138464626,12475.633528265107
916,2.4261959018038306,22705.653021442493,0.013999687841423445,6487.3294346978555
917,4.517899261967937,22705.653021442493,0.012749715712724922,5239.766081871345
918,5.106636134584941,22705.653021442493,0.019749559633436643,8732.943469785574
919,5.148885192534951,22705.653021442493,0.020999531762135166,10978.557504873294
920,5.207633882583782,22705.653021442493,0.010249771455327879,5239.766081871345
921,7.442584048696738,22705.653021442493,0.02174951503935428,11727.0955165692
922,10.815508840776829,22705.653021442493,0.010249771455327879,13473.684210526315
923,3.1426799259738236,22955.165692007795,0.01374969341568374,5239.766081871345
924,8.495060581060894,22955.165692007795,0.016999620950299898,10479.53216374269
925,10.145523779794422,23204.678362573097,0.010249771455327879,4990.253411306043
926,2.2471998929742023,23454.1910331384,0.0172496153760396,8483.430799220272
927,11.132751767040515,23454.1910331384,0.01374969341568374,6986.354775828459
928,2.607941849316596,23703.7037037037,0.009999777029588174,8483.430799220272
929,7.1813398737987475,23703.7037037037,0.032499275346161566,24202.72904483431
930,7.286837521460903,23703.7037037037,0.023749470445271915,27695.906432748536
931,8.343563959062633,23703.7037037037,0.023749470445271915,10479.53216374269
932,8.38831296127004,23703.7037037037,0.013249704564204332,7734.892787524366
933,10.36751882985128,23703.7037037037,0.016249637673080783,14970.760233918129
934,10.550514749492743,23703.7037037037,0.010249771455327879,5738.791423001949
935,10.877007469508797,23703.7037037037,0.03974911369261299,33434.697855750484
936,10.918256549755847,23703.7037037037,0.019749559633436643,25200.779727095516
937,3.8669137773417472,23953.216374269003,0.010499765881067583,7235.867446393761
938,6.051615063881023,23953.216374269003,0.0114997435840264,6986.354775828459
939,8.767054516265691,23953.216374269003,0.03349925304912038,28943.469785575046
940,9.672034337443423,23953.216374269003,0.011749738009766105,4740.740740740741
941,9.86777997279761,23953.216374269003,0.02699939797988807,26697.855750487328
942,5.1921342281879195,24202.72904483431,0.009999777029588174,8982.456140350876
943,5.84311971281411,24202.72904483431,0.016499632098820487,8483.430799220272
944,6.913845838257264,24202.72904483431,0.028249370108586594,44662.76803118908
945,7.4645835581618325,24202.72904483431,0.02224950389083369,11228.070175438595
946,7.4850831010724885,24202.72904483431,0.0229994871680528,6487.3294346978555
947,1.6454633102187342,24452.24171539961,0.021499520613614573,18463.937621832356
948,1.6842124462083883,24452.24171539961,0.03774915828669536,29192.982456140347
949,3.8351644852728044,24452.24171539961,0.01949956520769694,10230.019493177388
950,5.26013271198912,24452.24171539961,0.018749581930477828,12725.146198830409
951,5.449378492274076,24452.24171539961,0.012999710138464626,6986.354775828459
952,6.169612432830164,24452.24171539961,0.0114997435840264,5738.791423001949
953,6.730099935338581,24452.24171539961,0.010249771455327879,6487.3294346978555
954,7.085842003166181,24452.24171539961,0.020999531762135166,10978.557504873294
955,7.344086244955295,24452.24171539961,0.03224928092042186,25200.779727095516
956,8.795803875225758,24452.24171539961,0.006749849494972018,8233.91812865497
957,9.065047871747419,24452.24171539961,0.009999777029588174,7235.867446393761
958,9.604785836919442,24452.24171539961,0.020499542910655758,9481.481481481482
959,6.397357354679035,24701.754385964912,0.01374969341568374,8982.456140350876
960,9.026298735757766,24701.754385964912,0.017999598653258713,12725.146198830409
961,9.706783562621242,24701.754385964912,0.010249771455327879,12974.658869395711
962,11.075253049120382,24701.754385964912,0.014749671118642557,3992.202729044834
963,3.237677807754911,24951.267056530214,0.012999710138464626,5489.278752436647
964,3.714667172066267,24951.267056530214,0.0229994871680528,12725.146198830409
965,3.908162857588798,24951.267056530214,0.0114997435840264,6986.354775828459
966,4.816642600726884,24951.267056530214,0.0172496153760396,7485.380116959064
967,5.867369172110862,24951.267056530214,0.016499632098820487,12974.658869395711
968,8.713805703583136,24951.267056530214,0.016999620950299898,13723.196881091617
969,9.20004486164686,24951.267056530214,0.010249771455327879,6736.8421052631575
970,4.7633937880443264,25200.779727095516,0.026499409128408664,15469.785575048732
971,4.789643202746996,25200.779727095516,0.01774960422751901,10230.019493177388
972,5.015388169189949,25200.779727095516,0.03149929764320275,15469.785575048732
973,8.943300586412184,25200.779727095516,0.009249793752369062,7235.867446393761
974,10.842508238756718,25200.779727095516,0.02924934781154541,12725.146198830409
975,11.012254453833977,25200.779727095516,0.016999620950299898,8483.430799220272
976,0.28849356730361886,25450.292397660818,0.012499721286985219,5738.791423001949
977,2.9871833931637273,25450.292397660818,0.00974978260384847,8483.430799220272
978,7.9303231733149016,25450.292397660818,0.019749559633436643,12226.120857699805
979,9.409540190416733,25450.292397660818,0.04274904680148944,38424.95126705653
980,4.3246535708711455,25699.80506822612,0.012249726861245513,6237.8167641325535
981,4.488149925304913,25699.80506822612,0.027749381257107183,47157.8947368421
982,9.713783406541953,25699.80506822612,0.008249816049410243,6986.354775828459
983,1.873958215344824,25949.317738791422,0.04449900778166738,20959.06432748538
984,6.309109322392919,25949.317738791422,0.009249793752369062,9980.506822612086
985,10.517265490869363,25949.317738791422,0.01599964324734108,15469.785575048732
986,2.8091873620370578,26198.830409356724,0.010499765881067583,8233.91812865497
987,5.211883787821357,26198.830409356724,0.019749559633436643,5239.766081871345
988,7.110591451314411,26198.830409356724,0.019999554059176347,17715.39961013645
989,8.4403118018239,26198.830409356724,0.01674962652456019,21458.089668615983
990,9.811031238154698,26198.830409356724,0.019749559633436643,14222.22222222222
991,0.4962389350933132,26448.343079922026,0.0172496153760396,20709.551656920077
992,3.615919373899084,26448.343079922026,0.010499765881067583,6736.8421052631575
993,4.121158108319026,26448.343079922026,0.0229994871680528,15220.27290448343
994,4.170407010189749,26448.343079922026,0.024999442573970437,18962.962962962964
995,6.035365426207942,26448.343079922026,0.025499431425449845,17964.912280701752
996,8.97979977257018,26448.343079922026,0.009249793752369062,9231.968810916178
997,10.791759370331558,26448.343079922026,0.037499163860955656,36179.337231968806
998,0.16974621507725926,26697.855750487328,0.010749760306807287,7984.405458089668
999,4.389152132711989,26697.855750487328,0.013249704564204332,7734.892787524366
1000,7.326086646302036,26697.855750487328,0.012499721286985219,8233.91812865497
1001,8.06682012976878,26697.855750487328,0.014499676692902853,10729.044834307992
1002,8.240816250083615,26697.855750487328,0.02174951503935428,17964.912280701752
1003,9.206794711141832,26697.855750487328,0.019999554059176347,13723.196881091617
1004,9.223044348814913,26697.855750487328,0.01599964324734108,6487.3294346978555
1005,10.482516265691544,26697.855750487328,0.023749470445271915,13473.684210526315
1006,1.3959688733305091,26947.36842105263,0.01599964324734108,5988.304093567251
1007,3.843414301322215,26947.36842105263,0.02174951503935428,20210.526315789473
1008,5.53062668063948,26947.36842105263,0.014249682267163149,9980.506822612086
1009,5.909618230060872,26947.36842105263,0.019999554059176347,7984.405458089668
1010,8.013571317086223,26947.36842105263,0.01374969341568374,5988.304093567251
1011,9.94477825592544,26947.36842105263,0.012499721286985219,9730.994152046784
1012,2.076703694619724,27196.88109161793,0.011749738009766105,7485.380116959064
1013,4.136657762714888,27196.88109161793,0.02699939797988807,20460.038986354775
1014,5.172634662980223,27196.88109161793,0.01774960422751901,12974.658869395711
1015,6.763599188387701,27196.88109161793,0.03324925862338068,33933.72319688109
1016,8.270815581172378,27196.88109161793,0.011249749158286696,8483.430799220272
1017,8.610808000178377,27196.88109161793,0.013999687841423445,6986.354775828459
1018,11.16950094762425,27196.88109161793,0.011749738009766105,7734.892787524366
1019,0.14649673348346676,27446.393762183234,0.021499520613614573,14471.734892787523
1020,6.609602622132043,27446.393762183234,0.04549898548462619,14471.734892787523
1021,8.952300385738813,27446.393762183234,0.011749738009766105,6986.354775828459
1022,10.04552600949854,27446.393762183234,0.014999665544382262,16717.348927875242
1023,0.2709939575018395,27695.906432748536,0.015249659970121966,6487.3294346978555
1024,3.895413141876073,27695.906432748536,0.010749760306807287,5239.766081871345
1025,4.827142366607951,27695.906432748536,0.018999576356217532,19212.475633528265
1026,4.970139178131062,27695.906432748536,0.01374969341568374,8732.943469785574
1027,5.672873508885371,27695.906432748536,0.02124952618787487,13723.196881091617
1028,6.14736292893933,27695.906432748536,0.01599964324734108,17465.886939571148
1029,6.944595152623247,27695.906432748536,0.042249057950010036,25200.779727095516
1030,7.60183049789293,27695.906432748536,0.010499765881067583,9980.506822612086
1031,8.486060781734265,27695.906432748536,0.012499721286985219,8732.943469785574
1032,10.760510067114096,27695.906432748536,0.018499587504738124,11228.070175438595
1033,0.5317381435483511,27945.419103313838,0.010999754732546992,10230.019493177388
1034,1.5977143749024505,27945.419103313838,0.044998996633146784,39922.02729044834
1035,1.6654628642779103,27945.419103313838,0.024999442573970437,9481.481481481482
1036,1.8737082209190843,27945.419103313838,0.0114997435840264,7734.892787524366
1037,2.0427044527191245,27945.419103313838,0.00974978260384847,5988.304093567251
1038,2.9699337777876877,27945.419103313838,0.014999665544382262,14471.734892787523
1039,6.400107293362171,27945.419103313838,0.038749135989654175,14721.247563352827
1040,7.528582131151197,27945.419103313838,0.011749738009766105,7235.867446393761
1041,8.374813262280096,27945.419103313838,0.023749470445271915,24202.72904483431
1042,8.41506236482419,27945.419103313838,0.01549965439586167,6736.8421052631575
1043,9.748032642868292,27945.419103313838,0.010499765881067583,7734.892787524366
1044,10.729260763896631,27945.419103313838,0.017999598653258713,9231.968810916178
1045,1.8047097594149257,28194.93177387914,0.018249593078998417,11228.070175438595
1046,5.481127784343018,28194.93177387914,0.012999710138464626,8233.91812865497
1047,1.2584719391736718,28444.44444444444,0.0229994871680528,12475.633528265107
1048,1.3849691185979622,28444.44444444444,0.042249057950010036,49153.99610136452
1049,1.5569652835068788,28444.44444444444,0.007749827197930835,6736.8421052631575
1050,3.004932997391246,28444.44444444444,0.014249682267163149,17715.39961013645
1051,3.423173671653772,28444.44444444444,0.0114997435840264,8982.456140350876
1052,3.8219147807086005,28444.44444444444,0.012249726861245513,5489.278752436647
1053,6.35035840263997,28444.44444444444,0.008749804900889653,7734.892787524366
1054,6.857597092465831,28444.44444444444,0.02474944814823073,9481.481481481482
1055,7.897073914691521,28444.44444444444,0.03224928092042186,26198.830409356724
1056,8.69180619411804,28444.44444444444,0.014249682267163149,9980.506822612086
1057,0.23724471002697944,28693.957115009744,0.03299926419764097,17715.39961013645
1058,0.4689895426876854,28693.957115009744,0.025999420276929253,10729.044834307992
1059,0.7702328257040292,28693.957115009744,0.017999598653258713,15719.298245614034
1060,0.8857302503957726,28693.957115009744,0.012249726861245513,10978.557504873294
1061,3.1326801489442353,28693.957115009744,0.01549965439586167,10230.019493177388
1062,8.095319494303107,28693.957115009744,0.014999665544382262,13473.684210526315
1063,0.5142385337465719,28943.469785575046,0.02799937568284689,27446.393762183234
1064,0.9209794644250708,28943.469785575046,0.028999353385805705,35181.2865497076
1065,1.0084775134339674,28943.469785575046,0.037999152712435064,16966.861598440544
1066,3.1536796807063707,28943.469785575046,0.012499721286985219,6736.8421052631575
1067,3.212178376329461,28943.469785575046,0.040249102544092405,44662.76803118908
1068,5.094886396575175,28943.469785575046,0.00974978260384847,7485.380116959064
1069,6.107613815246717,28943.469785575046,0.012999710138464626,8982.456140350876
1070,7.079092153671208,28943.469785575046,0.014749671118642557,7734.892787524366
1071,7.252088296283084,28943.469785575046,0.01774960422751901,10978.557504873294
1072,8.181317576757564,28943.469785575046,0.011749738009766105,7235.867446393761
1073,8.549559365872149,28943.469785575046,0.010749760306807287,9980.506822612086
1074,9.853030301678968,28943.469785575046,0.017499609801779305,9231.968810916178
1075,10.274520903476109,28943.469785575046,0.012749715712724922,4990.253411306043
1076,10.90700680059756,28943.469785575046,0.012499721286985219,10729.044834307992
1077,0.29999331088764525,29192.982456140347,0.015249659970121966,7984.405458089668
1078,1.114475149947602,29192.982456140347,0.03724916943521595,18713.45029239766
1079,2.250199826083079,29192.982456140347,0.023749470445271915,16467.83625730994
1080,4.534398894066758,29192.982456140347,0.017999598653258713,12226.120857699805
1081,5.434628821155433,29192.982456140347,0.011249749158286696,7485.380116959064
1082,5.704122812102835,29192.982456140347,0.010749760306807287,7235.867446393761
1083,7.694578429842361,29192.982456140347,0.026749403554148368,19212.475633528265
1084,7.757577025128766,29192.982456140347,0.018749581930477828,10729.044834307992
1085,7.891074048473768,29192.982456140347,0.012749715712724922,5489.278752436647
1086,7.977322125353966,29192.982456140347,0.02574942585118955,13723.196881091617
1087,8.359563602309974,29192.982456140347,0.011249749158286696,6736.8421052631575
1088,9.075047648777009,29192.982456140347,0.023749470445271915,8483.430799220272
1089,9.9955271243506,29192.982456140347,0.011249749158286696,5738.791423001949
1090,0.3482422350554082,29442.495126705653,0.011749738009766105,7485.380116959064
1091,0.9452289237218222,29442.495126705653,0.0114997435840264,11228.070175438595
1092,1.5362157461704833,29442.495126705653,0.03474922517781891,41419.103313840154
1093,2.3196982764387166,29442.495126705653,0.008749804900889653,11228.070175438595
1094,4.382402283217018,29442.495126705653,0.008249816049410243,8233.91812865497
1095,5.655873887935072,29442.495126705653,0.016499632098820487,10978.557504873294
1096,5.9386175834466775,29442.495126705653,0.00974978260384847,7235.867446393761
1097,7.129841022096368,29442.495126705653,0.01549965439586167,7984.405458089668
1098,8.025571049521728,29442.495126705653,0.010499765881067583,8233.91812865497
1099,9.47128881357444,29442.495126705653,0.02524943699971014,16467.83625730994
1100,10.559014559967894,29442.495126705653,0.018499587504738124,15220.27290448343
1101,0.041499074672790924,29692.007797270955,0.05224883497959821,63875.243664717345
1102,0.6912345871702825,29692.007797270955,0.010749760306807287,6487.3294346978555
1103,2.293448861736048,29692.007797270955,0.02399946487101162,11477.582846003897
1104,2.3951965930121073,29692.007797270955,0.0114997435840264,10230.019493177388
1105,2.4309457958928853,29692.007797270955,0.01374969341568374,6237.8167641325535
1106,2.8206871056210843,29692.007797270955,0.014749671118642557,5239.766081871345
1107,5.142635331891459,29692.007797270955,0.011749738009766105,10729.044834307992
1108,5.386879885839149,29692.007797270955,0.028749358960066,18713.45029239766
1109,5.465878124372896,29692.007797270955,0.05099886285089969,38923.976608187135
1110,6.360108185243819,29692.007797270955,0.010749760306807287,10230.019493177388
1111,8.86255238689826,29692.007797270955,0.008749804900889653,6736.8421052631575
1112,8.910551316640282,29692.007797270955,0.018499587504738124,16218.323586744638
1113,9.136046288657496,29692.007797270955,0.01774960422751901,6736.8421052631575
1114,10.092774955963344,29692.007797270955,0.02524943699971014,21208.57699805068
1115,0.888730183504649,29941.520467836257,0.026749403554148368,23703.7037037037
1116,2.941684407679101,29941.520467836257,0.02799937568284689,11976.608187134501
1117,7.17059011349194,29941.520467836257,0.012249726861245513,11228.070175438595
1118,7.286087538183684,29941.520467836257,0.012499721286985219,10230.019493177388
1119,9.653534749938684,29941.520467836257,0.035249214029298315,18713.45029239766
1120,10.402018060603359,29941.520467836257,0.013249704564204332,6237.8167641325535
1121,11.140251599812705,29941.520467836257,0.01674962652456019,6736.8421052631575
1122,0.546237820241254,30191.03313840156,0.015749648821601375,12974.658869395711
1123,0.9767282213650249,30191.03313840156,0.020249548484916054,15968.810916179336
1124,2.367197217329261,30191.03313840156,0.014499676692902853,6736.8421052631575
1125,3.440173292604072,30191.03313840156,0.00974978260384847,4990.253411306043
1126,10.532765145265223,30191.03313840156,0.007249838346451426,11228.070175438595
1127,11.092002675644943,30191.03313840156,0.010499765881067583,16218.323586744638
1128,0.38049151597583003,30440.54580896686,0.01774960422751901,7485.380116959064
1129,0.8037320787531496,30440.54580896686,0.024249459296751322,19711.50097465887
1130,1.9049575241365473,30440.54580896686,0.019249570781957236,6237.8167641325535
1131,3.4986719882271626,30440.54580896686,0.018999576356217532,6237.8167641325535
1132,7.575081094338782,30440.54580896686,0.04549898548462619,42666.666666666664
1133,7.843075118731745,30440.54580896686,0.013999687841423445,14721.247563352827
1134,9.382540792436844,30440.54580896686,0.01774960422751901,9730.994152046784
1135,0.595236727686236,30690.058479532163,0.010999754732546992,12725.146198830409
1136,1.6374634885950636,30690.058479532163,0.01199973243550581,9481.481481481482
1137,4.575397979888069,30690.058479532163,0.014249682267163149,10230.019493177388
1138,4.740894289727754,30690.058479532163,0.030249325514504228,24701.754385964912
1139,6.337858681352985,30690.058479532163,0.01374969341568374,8982.456140350876
1140,6.828097750228546,30690.058479532163,0.01374969341568374,16717.348927875242
1141,8.672556623336083,30690.058479532163,0.010249771455327879,7235.867446393761
1142,10.387518383910455,30690.058479532163,0.029499342237285113,27695.906432748536
1143,10.502015830899241,30690.058479532163,0.02124952618787487,30191.03313840156
1144,0.28399366764030415,30939.571150097465,0.010749760306807287,7984.405458089668
1145,2.0087052108185244,30939.571150097465,0.020749537336395462,51649.12280701754
1146,2.0934533211442843,30939.571150097465,0.037499163860955656,29941.520467836257
1147,3.6434187607304516,30939.571150097465,0.009499788178108766,12226.120857699805
1148,6.08036442284109,30939.571150097465,0.016249637673080783,9730.994152046784
1149,6.318609110571027,30939.571150097465,0.019999554059176347,17964.912280701752
1150,6.371357934402106,30939.571150097465,0.012499721286985219,13473.684210526315
1151,6.494855180717519,30939.571150097465,0.012749715712724922,7984.405458089668
1152,8.964800107025798,30939.571150097465,0.012499721286985219,14970.760233918129
1153,9.294542754576469,30939.571150097465,0.008499810475149949,15719.298245614034
1154,9.776032018551138,30939.571150097465,0.012499721286985219,7734.892787524366
1155,10.177523066289105,30939.571150097465,0.010999754732546992,6487.3294346978555
1156,0.322992798055698,31189.083820662767,0.01199973243550581,6237.8167641325535
1157,2.222200450400232,31189.083820662767,0.020499542910655758,18463.937621832356
1158,3.121930388637428,31189.083820662767,0.009499788178108766,6237.8167641325535
1159,5.20063403866307,31189.083820662767,0.02799937568284689,32935.67251461988
1160,8.4900606925461,31189.083820662767,0.01674962652456019,15469.785575048732
1161,8.875302102610984,31189.083820662767,0.006499855069232313,8982.456140350876
1162,9.760782358581016,31189.083820662767,0.010999754732546992,6237.8167641325535
1163,0.1204973132065375,31438.59649122807,0.02224950389083369,21208.57699805068
1164,3.2494275457646773,31438.59649122807,0.015249659970121966,18713.45029239766
1165,5.729122254676805,31438.59649122807,0.018499587504738124,5738.791423001949
1166,5.947367388347566,31438.59649122807,0.014499676692902853,8982.456140350876
1167,7.67807879774354,31438.59649122807,0.010999754732546992,5988.304093567251
1168,8.662806840732236,31438.59649122807,0.010499765881067583,9231.968810916178
1169,9.055298089143571,31438.59649122807,0.014249682267163149,4740.740740740741
1170,9.399040424535665,31438.59649122807,0.01599964324734108,7984.405458089668
1171,10.2990203571986,31438.59649122807,0.014999665544382262,8982.456140350876
1172,0.9722283217017103,31688.10916179337,0.012249726861245513,4491.228070175438
1173,2.4331957457245426,31688.10916179337,0.026749403554148368,13723.196881091617
1174,6.895346250752525,31688.10916179337,0.012249726861245513,4241.715399610136
1175,8.277065441815871,31688.10916179337,0.012749715712724922,7984.405458089668
1176,10.54426488884925,31688.10916179337,0.02124952618787487,28943.469785575046
1177,1.3954688844790297,31937.621832358673,0.014999665544382262,10479.53216374269
1178,1.976955918749582,31937.621832358673,0.010499765881067583,10729.044834307992
1179,2.2701993801422553,31937.621832358673,0.018749581930477828,27196.88109161793
1180,4.078159067091797,31937.621832358673,0.009249793752369062,7984.405458089668
1181,5.895618542219448,31937.621832358673,0.015249659970121966,16717.348927875242
1182,6.29110972373966,31937.621832358673,0.013499698989944036,8483.430799220272
1183,8.468311177506745,31937.621832358673,0.012249726861245513,6487.3294346978555
1184,10.120024348368972,31937.621832358673,0.01549965439586167,8732.943469785574
1185,1.0877257463934538,32187.134502923975,0.011249749158286696,9980.506822612086
1186,3.9316623336083305,32187.134502923975,0.016999620950299898,10230.019493177388
1187,4.335653325603693,32187.134502923975,0.020749537336395462,10978.557504873294
1188,5.700872884568218,32187.134502923975,0.03274926977190127,39922.02729044834
1189,6.261610381502375,32187.134502923975,0.014249682267163149,10479.53216374269
1190,9.617285558206428,32187.134502923975,0.010499765881067583,7984.405458089668
1191,9.69028393052242,32187.134502923975,0.055498762514214366,40421.05263157895
1192,9.79953149457067,32187.134502923975,0.011249749158286696,4990.253411306043
1193,10.234771789783496,32187.134502923975,0.016499632098820487,10978.557504873294
1194,11.134001739169213,32187.134502923975,0.008499810475149949,8732.943469785574
1195,0.7674828870208924,32436.647173489277,0.008249816049410243,7734.892787524366
1196,2.1254526076389664,32436.647173489277,0.0172496153760396,17964.912280701752
1197,2.64644099088051,32436.647173489277,0.01549965439586167,10479.53216374269
1198,2.817687172512208,32436.647173489277,0.007499832772191131,7485.380116959064
1199,3.8996630471136484,32436.647173489277,0.019749559633436643,15719.298245614034
1200,3.919412606747085,32436.647173489277,0.008499810475149949,5738.791423001949
1201,4.554398448125934,32436.647173489277,0.020499542910655758,12974.658869395711
1202,5.19188423376218,32436.647173489277,0.010249771455327879,10230.019493177388
1203,6.128863341434592,32436.647173489277,0.016499632098820487,5988.304093567251
1204,6.70535048719035,32436.647173489277,0.0172496153760396,23204.678362573097
1205,8.756554750384625,32436.647173489277,0.009999777029588174,5738.791423001949
1206,8.998299360074919,32436.647173489277,0.014249682267163149,7485.380116959064
1207,10.249021472050659,32436.647173489277,0.02749938683136748,15220.27290448343
1208,10.520765412829718,32436.647173489277,0.009499788178108766,12725.146198830409
1209,0.019249570781957236,32686.15984405458,0.01599964324734108,6986.354775828459
1210,2.4964443354366876,32686.15984405458,0.021999509465093985,16467.83625730994
1211,2.609691810296774,32686.15984405458,0.011249749158286696,11477.582846003897
1212,2.7684382706414863,32686.15984405458,0.00974978260384847,6237.8167641325535
1213,2.7696882427701848,32686.15984405458,0.021499520613614573,20460.038986354775
1214,3.702917434056501,32686.15984405458,0.012999710138464626,7734.892787524366
1215,4.292404289950724,32686.15984405458,0.01949956520769694,12725.146198830409
1216,4.812642689915049,32686.15984405458,0.018999576356217532,10978.557504873294
1217,4.604397333273875,32935.67251461988,0.014499676692902853,25699.80506822612
1218,10.382768489821402,32935.67251461988,0.009249793752369062,6237.8167641325535
1219,4.355902874088609,33185.18518518518,0.033999241900599796,19711.50097465887
1220,5.445878570313719,33185.18518518518,0.011249749158286696,9231.968810916178
1221,5.906868291377735,33185.18518518518,0.018749581930477828,9481.481481481482
1222,6.500605052509533,33185.18518518518,0.026499409128408664,16218.323586744638
1223,7.594330665120739,33185.18518518518,0.009499788178108766,8233.91812865497
1224,9.604785836919442,33185.18518518518,0.01549965439586167,15469.785575048732
1225,10.77350977725256,33185.18518518518,0.014499676692902853,10978.557504873294
1226,10.997004793863855,33185.18518518518,0.013249704564204332,14222.22222222222
1227,4.937639902784901,33434.697855750484,0.009499788178108766,9730.994152046784
1228,5.982866596802605,33434.697855750484,0.013249704564204332,14222.22222222222
1229,8.315064594528307,33434.697855750484,0.015749648821601375,12725.146198830409
1230,8.629557582108855,33434.697855750484,0.013499698989944036,8483.430799220272
1231,10.072275413052688,33434.697855750484,0.015749648821601375,9481.481481481482
1232,10.217522174407456,33434.697855750484,0.014249682267163149,6986.354775828459
1233,3.445923164396085,33684.21052631579,0.008499810475149949,5988.304093567251
1234,3.995410912171955,33684.21052631579,0.007749827197930835,7235.867446393761
1235,4.312903832861379,33684.21052631579,0.026249414702668956,17964.912280701752
1236,5.281632232602734,33684.21052631579,0.04424901335592767,49653.02144249513
1237,7.076842203839551,33684.21052631579,0.016999620950299898,13224.171539961013
1238,7.310586991906175,33684.21052631579,0.025499431425449845,16467.83625730994
1239,7.522832259359183,33684.21052631579,0.04949889629646146,48405.45808966862
1240,7.566831278289372,33684.21052631579,0.016499632098820487,10479.53216374269
1241,7.967572342750118,33684.21052631579,0.00974978260384847,8483.430799220272
1242,8.131318691609623,33684.21052631579,0.010749760306807287,8732.943469785574
1243,8.351313786260564,33684.21052631579,0.028499364534326298,17465.886939571148
1244,8.414562375972709,33684.21052631579,0.019999554059176347,14471.734892787523
1245,9.122046600816072,33684.21052631579,0.016249637673080783,7984.405458089668
1246,9.371291043278557,33684.21052631579,0.00974978260384847,7734.892787524366
1247,9.447289348703428,33684.21052631579,0.021999509465093985,13224.171539961013
1248,0.136996945305358,33933.72319688109,0.014999665544382262,8483.430799220272
1249,1.1917234275011708,33933.72319688109,0.01549965439586167,6986.354775828459
1250,3.858663961292337,33933.72319688109,0.008249816049410243,8982.456140350876
1251,7.15409048139312,33933.72319688109,0.01949956520769694,19961.01364522417
1252,7.2680879395304245,33933.72319688109,0.011249749158286696,13972.709551656919
1253,10.00302695712279,33933.72319688109,0.012249726861245513,6736.8421052631575
1254,11.022504225289305,33933.72319688109,0.008999799326629357,8483.430799220272
1255,1.2959711030346275,34183.23586744639,0.008999799326629357,11976.608187134501
1256,1.7264615041583984,34183.23586744639,0.010999754732546992,13723.196881091617
1257,2.3524475462106182,34183.23586744639,0.017499609801779305,8233.91812865497
1258,3.3801746304265428,34183.23586744639,0.009499788178108766,11477.582846003897
1259,7.481333184686393,34183.23586744639,0.03099930879172334,32686.15984405458
1260,9.134296327677317,34183.23586744639,0.03574920288077772,40421.05263157895
1261,0.824481616089545,34432.74853801169,0.012249726861245513,7485.380116959064
1262,1.4422178420923544,34432.74853801169,0.005999866217752905,14721.247563352827
1263,2.378696960913287,34432.74853801169,0.028249370108586594,40670.56530214425
1264,2.819437133492386,34432.74853801169,0.023249481593792507,45411.306042884986
1265,3.868663738321925,34432.74853801169,0.010999754732546992,7734.892787524366
1266,5.85136952886352,34432.74853801169,0.01199973243550581,6736.8421052631575
1267,6.273360119512141,34432.74853801169,0.01549965439586167,15968.810916179336
1268,6.443106334589401,34432.74853801169,0.011249749158286696,6736.8421052631575
1269,6.5268544672122015,34432.74853801169,0.018499587504738124,22206.62768031189
1270,8.053570425204576,34432.74853801169,0.019249570781957236,31189.083820662767
1271,8.248066088430067,34432.74853801169,0.028499364534326298,31189.083820662767
1272,8.801053758166292,34432.74853801169,0.010249771455327879,7485.380116959064
1273,9.011299070213383,34432.74853801169,0.013999687841423445,17964.912280701752
1274,9.061547949787064,34432.74853801169,0.016249637673080783,16966.861598440544
1275,9.176795380053068,34432.74853801169,0.026749403554148368,13224.171539961013
1276,9.687533991839283,34432.74853801169,0.009999777029588174,8982.456140350876
1277,2.2012009186380967,34682.261208576994,0.0114997435840264,11477.582846003897
1278,3.148179803340097,34682.261208576994,0.02799937568284689,13473.684210526315
1279,4.583397801511739,34682.261208576994,0.016499632098820487,13972.709551656919
1280,6.141113068295837,34682.261208576994,0.012749715712724922,9980.506822612086
1281,10.419017681553658,34682.261208576994,0.012249726861245513,6237.8167641325535
1282,3.493172110860889,34931.773879142296,0.030249325514504228,20709.551656920077
1283,3.608919529978372,34931.773879142296,0.01199973243550581,10978.557504873294
1284,3.7744158398180563,34931.773879142296,0.024999442573970437,15968.810916179336
1285,5.022138018684921,34931.773879142296,0.008749804900889653,10978.557504873294
1286,5.593375281500145,34931.773879142296,0.04274904680148944,24951.267056530214
1287,5.842369729536891,34931.773879142296,0.010999754732546992,8732.943469785574
1288,8.013321322660483,34931.773879142296,0.01199973243550581,7235.867446393761
1289,8.70180597114763,34931.773879142296,0.024999442573970437,17964.912280701752
1290,9.828030859104997,34931.773879142296,0.00974978260384847,8233.91812865497
1291,11.155501259782827,34931.773879142296,0.024999442573970437,17715.39961013645
1292,11.206000133782249,34931.773879142296,0.005999866217752905,9231.968810916178
1293,3.1789291177060806,35181.2865497076,0.014499676692902853,6736.8421052631575
1294,3.5974197863943456,35181.2865497076,0.01199973243550581,9481.481481481482
1295,3.625169167651453,35181.2865497076,0.007249838346451426,8732.943469785574
1296,3.6889177462150777,35181.2865497076,0.04249905237574974,24951.267056530214
1297,7.656579277129925,35181.2865497076,0.009999777029588174,10729.044834307992
1298,8.03307088229392,35181.2865497076,0.019749559633436643,11228.070175438595
1299,8.744805012374858,35181.2865497076,0.011749738009766105,8233.91812865497
1300,9.883029632767732,35181.2865497076,0.037499163860955656,29192.982456140347
1301,0.3152429708577672,35430.7992202729,0.03374924747486009,16218.323586744638
1302,0.8292315101785994,35430.7992202729,0.022499498316573392,16218.323586744638
1303,0.8484810809605566,35430.7992202729,0.016249637673080783,5738.791423001949
1304,1.2422223015005909,35430.7992202729,0.013249704564204332,7235.867446393761
1305,1.4634673682802293,35430.7992202729,0.011749738009766105,17465.886939571148
1306,3.1086806840732235,35430.7992202729,0.02174951503935428,14222.22222222222
1307,6.16486253874111,35430.7992202729,0.011249749158286696,10978.557504873294
1308,6.937845303128276,35430.7992202729,0.01199973243550581,8483.430799220272
1309,7.938322994938572,35430.7992202729,0.01199973243550581,11976.608187134501
1310,10.204272469843252,35430.7992202729,0.019749559633436643,22955.165692007795
1311,1.0687261700372361,35680.3118908382,0.019749559633436643,14222.22222222222
1312,1.9274570224531207,35680.3118908382,0.008499810475149949,9231.968810916178
1313,2.532693527168945,35680.3118908382,0.024999442573970437,26697.855750487328
1314,3.3591750986644073,35680.3118908382,0.026249414702668956,13723.196881091617
1315,5.348130749849496,35680.3118908382,0.021999509465093985,21957.115009746587
1316,5.96111708176325,35680.3118908382,0.01599964324734108,7984.405458089668
1317,6.304359428303864,35680.3118908382,0.010999754732546992,11477.582846003897
1318,7.732077593703316,35680.3118908382,0.018749581930477828,11727.0955165692
1319,4.451400744721176,35929.824561403504,0.011749738009766105,6237.8167641325535
1320,5.384129947156013,35929.824561403504,0.014249682267163149,12226.120857699805
1321,5.518126959352494,35929.824561403504,0.0172496153760396,9980.506822612086
1322,5.917368057258802,35929.824561403504,0.04549898548462619,20709.551656920077
1323,6.655851590893889,35929.824561403504,0.03149929764320275,12725.146198830409
1324,7.61033030836808,35929.824561403504,0.01549965439586167,16218.323586744638
1325,7.77932654016812,35929.824561403504,0.007749827197930835,12226.120857699805
1326,8.867552275413054,35929.824561403504,0.008999799326629357,7984.405458089668
1327,9.397290463555487,35929.824561403504,0.030499319940243932,18463.937621832356
1328,4.025660237686459,36179.337231968806,0.005499877366273496,8732.943469785574
1329,5.686873196726795,36179.337231968806,0.014499676692902853,10978.557504873294
1330,5.747871836607283,36179.337231968806,0.0114997435840264,8483.430799220272
1331,6.305109411581084,36179.337231968806,0.019749559633436643,20460.038986354775
1332,6.841347454792749,36179.337231968806,0.016499632098820487,8233.91812865497
1333,6.876096679970568,36179.337231968806,0.027749381257107183,22955.165692007795
1334,8.619557805079266,36179.337231968806,0.014499676692902853,10978.557504873294
1335,9.931778545786974,36179.337231968806,0.009499788178108766,10729.044834307992
1336,1.561965172021673,36428.84990253411,0.015749648821601375,13473.684210526315
1337,1.7637106735936143,36428.84990253411,0.007749827197930835,8982.456140350876
1338,4.114158264398315,36428.84990253411,0.011249749158286696,11727.0955165692
1339,5.154885058752704,36428.84990253411,0.007249838346451426,12974.658869395711
1340,6.378107783897077,36428.84990253411,0.016499632098820487,12725.146198830409
1341,6.586103146112511,36428.84990253411,0.018249593078998417,14721.247563352827
1342,8.669056701375728,36428.84990253411,0.02474944814823073,28194.93177387914
1343,10.726510825213495,36428.84990253411,0.010249771455327879,7984.405458089668
1344,0.30074329416486434,36678.36257309941,0.016499632098820487,13224.171539961013
1345,1.80120983745457,36678.36257309941,0.009249793752369062,10729.044834307992
1346,2.2132006510736026,36678.36257309941,0.010499765881067583,5988.304093567251
1347,4.675145755758211,36678.36257309941,0.02474944814823073,16966.861598440544
1348,6.737599768110773,36678.36257309941,0.024999442573970437,20210.526315789473
1349,7.361835849182814,36678.36257309941,0.029499342237285113,19461.988304093567
1350,8.218566746192781,36678.36257309941,0.012249726861245513,6736.8421052631575
1351,8.453561506388104,36678.36257309941,0.020249548484916054,11228.070175438595
1352,9.238294008785035,36678.36257309941,0.009999777029588174,5988.304093567251
1353,10.82325866797476,36678.36257309941,0.02574942585118955,17216.374269005846
1354,11.076003032397601,36678.36257309941,0.010249771455327879,5489.278752436647
1355,0.2607441860465117,36927.87524366471,0.020249548484916054,24202.72904483431
1356,0.8747304956632256,36927.87524366471,0.0114997435840264,5738.791423001949
1357,2.038704541907289,36927.87524366471,0.014249682267163149,9231.968810916178
1358,2.1734515373809895,36927.87524366471,0.022749492742313096,13224.171539961013
1359,2.9636839171441953,36927.87524366471,0.008499810475149949,10729.044834307992
1360,3.4266735936141277,36927.87524366471,0.01374969341568374,9730.994152046784
1361,5.269132511315749,36927.87524366471,0.015249659970121966,8982.456140350876
1362,5.663623715133002,36927.87524366471,0.010499765881067583,8483.430799220272
1363,8.58280862449553,36927.87524366471,0.03149929764320275,25200.779727095516
1364,9.803281410956767,36927.87524366471,0.04774893531628353,34682.261208576994
1365,10.470266538830298,36927.87524366471,0.03299926419764097,25200.779727095516
1366,0.3792415438471315,37177.387914230014,0.010499765881067583,11228.070175438595
1367,0.49023906887556024,37177.387914230014,0.013249704564204332,5239.766081871345
1368,0.5332381101027894,37177.387914230014,0.020249548484916054,19961.01364522417
1369,1.8494587616223328,37177.387914230014,0.009499788178108766,8483.430799220272
1370,2.1144528529064193,37177.387914230014,0.010999754732546992,7485.380116959064
1371,2.3364479029632768,37177.387914230014,0.020249548484916054,27196.88109161793
1372,5.412629311690339,37177.387914230014,0.024499453722491026,20709.551656920077
1373,6.487105353519588,37177.387914230014,0.018499587504738124,15719.298245614034
1374,7.456333742112422,37177.387914230014,0.017499609801779305,8982.456140350876
1375,8.49881049744699,37177.387914230014,0.010749760306807287,8982.456140350876
1376,9.618035541483646,37177.387914230014,0.02349947601953221,30939.571150097465
1377,10.710261187540414,37177.387914230014,0.018999576356217532,17715.39961013645
1378,11.030754041338716,37177.387914230014,0.027749381257107183,16218.323586744638
1379,1.4559675355080381,37426.90058479532,0.011249749158286696,19961.01364522417
1380,3.4361733817922366,37426.90058479532,0.020249548484916054,17964.912280701752
1381,4.984388860398226,37426.90058479532,0.014499676692902853,11228.070175438595
1382,6.208611563245558,37426.90058479532,0.023249481593792507,25450.292397660818
1383,7.980322058462843,37426.90058479532,0.008999799326629357,6237.8167641325535
1384,9.525537603959956,37426.90058479532,0.014999665544382262,11976.608187134501
1385,10.993504871903498,37426.90058479532,0.024249459296751322,25699.80506822612
1386,0.3499921960355861,37676.413255360625,0.019999554059176347,24951.267056530214
1387,0.46748957613324715,37676.413255360625,0.014499676692902853,5239.766081871345
1388,0.9254793640883855,37676.413255360625,0.00974978260384847,7734.892787524366
1389,2.022704898659948,37676.413255360625,0.012749715712724922,14721.247563352827
1390,2.625691453544115,37676.413255360625,0.009499788178108766,7984.405458089668
1391,3.01868269080693,37676.413255360625,0.03349925304912038,26198.830409356724
1392,4.694895315391648,37676.413255360625,0.0114997435840264,13972.709551656919
1393,5.363880398671097,37676.413255360625,0.008999799326629357,9481.481481481482
1394,3.403424112020335,37925.92592592593,0.03324925862338068,26448.343079922026
1395,4.398401926464358,37925.92592592593,0.028749358960066,34432.74853801169
1396,8.581058663515352,37925.92592592593,0.015749648821601375,11976.608187134501
1397,9.076547615331446,37925.92592592593,0.021499520613614573,34931.773879142296
1398,9.355541394456957,37925.92592592593,0.018249593078998417,21957.115009746587
1399,9.636785123414123,37925.92592592593,0.020249548484916054,19212.475633528265
1400,9.948528172311535,37925.92592592593,0.007499832772191131,10729.044834307992
1401,9.985027358469532,37925.92592592593,0.011249749158286696,11228.070175438595
1402,10.060025686191443,37925.92592592593,0.00799982162367054,9730.994152046784
1403,10.223522040625209,37925.92592592593,0.029999331088764524,19711.50097465887
1404,10.69726147740195,37925.92592592593,0.00799982162367054,8233.91812865497
1405,1.2642218109656849,38175.43859649123,0.03299926419764097,29941.520467836257
1406,1.9874556846306497,38175.43859649123,0.02349947601953221,17216.374269005846
1407,2.5971920890097886,38175.43859649123,0.014999665544382262,12974.658869395711
1408,3.9196626011728246,38175.43859649123,0.008999799326629357,6736.8421052631575
1409,6.008616022653794,38175.43859649123,0.01949956520769694,22206.62768031189
1410,6.8598470422974875,38175.43859649123,0.018999576356217532,11727.0955165692
1411,9.216044504894201,38175.43859649123,0.013499698989944036,11727.0955165692
1412,9.956028005083725,38175.43859649123,0.01374969341568374,23703.7037037037
1413,11.104752391357668,38175.43859649123,0.018749581930477828,10729.044834307992
1414,1.165974001649981,38424.95126705653,0.02349947601953221,9231.968810916178
1415,2.2574496644295303,38424.95126705653,0.013249704564204332,10978.557504873294
1416,2.528943610782849,38424.95126705653,0.0114997435840264,5738.791423001949
1417,4.71039496978751,38424.95126705653,0.014749671118642557,14471.734892787523
1418,5.042637561595576,38424.95126705653,0.040999085821311516,27196.88109161793
1419,9.021798836094451,38424.95126705653,0.02524943699971014,16218.323586744638
1420,2.581692434613927,38674.46393762183,0.00799982162367054,8483.430799220272
1421,2.9531841512631276,38674.46393762183,0.007749827197930835,10230.019493177388
1422,3.563420544493746,38674.46393762183,0.018249593078998417,18962.962962962964
1423,4.089658810675823,38674.46393762183,0.02524943699971014,30440.54580896686
1424,5.454628375214609,38674.46393762183,0.010499765881067583,6237.8167641325535
1425,7.242338513679235,38674.46393762183,0.0229994871680528,12226.120857699805
1426,8.470561127338403,38674.46393762183,0.03774915828669536,23703.7037037037
1427,8.93830069789739,38674.46393762183,0.011749738009766105,6736.8421052631575
1428,9.249543757943322,38674.46393762183,0.010999754732546992,11228.070175438595
1429,9.753282525808826,38674.46393762183,0.02524943699971014,13224.171539961013
1430,0.7222338959620059,38923.976608187135,0.02349947601953221,16218.323586744638
1431,4.778643448014449,38923.976608187135,0.01674962652456019,26697.855750487328
1432,6.130113313563291,38923.976608187135,0.020499542910655758,37177.387914230014
1433,6.9133458494057844,38923.976608187135,0.01374969341568374,10978.557504873294
1434,7.423834466766261,38923.976608187135,0.011749738009766105,14970.760233918129
1435,7.819575642712213,38923.976608187135,0.01374969341568374,17216.374269005846
1436,8.687556288880467,38923.976608187135,0.014499676692902853,7984.405458089668
1437,10.052275858993513,38923.976608187135,0.014999665544382262,17715.39961013645
1438,0.165746304265424,39173.48927875244,0.016249637673080783,17964.912280701752
1439,4.225405783852483,39173.48927875244,0.03349925304912038,12974.658869395711
1440,5.029387857031372,39173.48927875244,0.017999598653258713,11477.582846003897
1441,5.725372338290709,39173.48927875244,0.02224950389083369,17216.374269005846
1442,7.334086467925707,39173.48927875244,0.010249771455327879,13723.196881091617
1443,8.106819237887134,39173.48927875244,0.02524943699971014,20460.038986354775
1444,10.374518673771991,39173.48927875244,0.00974978260384847,12475.633528265107
1445,10.58726393007648,39173.48927875244,0.01599964324734108,5988.304093567251
1446,10.788259448371202,39173.48927875244,0.008749804900889653,8233.91812865497
1447,0.014749671118642557,39423.00194931774,0.015249659970121966,16966.861598440544
1448,0.27849379027403065,39423.00194931774,0.015249659970121966,7235.867446393761
1449,1.5742148988829183,39423.00194931774,0.028749358960066,30690.058479532163
1450,1.8132095698900756,39423.00194931774,0.01549965439586167,14471.734892787523
1451,2.3014486833597183,39423.00194931774,0.023749470445271915,24452.24171539961
1452,2.3334479698544004,39423.00194931774,0.011249749158286696,6237.8167641325535
1453,3.2829267988137976,39423.00194931774,0.017999598653258713,26697.855750487328
1454,3.8369144462529827,39423.00194931774,0.0172496153760396,13723.196881091617
1455,3.9876610849740244,39423.00194931774,0.028749358960066,23703.7037037037
1456,5.763371491003144,39423.00194931774,0.014499676692902853,10230.019493177388
1457,7.6738288925059654,39423.00194931774,0.016499632098820487,13473.684210526315
1458,10.541514950166114,39423.00194931774,0.010249771455327879,11976.608187134501
1459,11.06925318290263,39423.00194931774,0.02524943699971014,32436.647173489277
1460,1.8809580592655355,39672.51461988304,0.01674962652456019,20210.526315789473
1461,2.8036874846707844,39672.51461988304,0.016249637673080783,27695.906432748536
1462,4.4586505830676275,39672.51461988304,0.036499186157996834,30191.03313840156
1463,5.135635487970747,39672.51461988304,0.01774960422751901,14970.760233918129
1464,5.1628848803763745,39672.51461988304,0.008249816049410243,10978.557504873294
1465,5.174634618386141,39672.51461988304,0.011749738009766105,6237.8167641325535
1466,5.7778711676960475,39672.51461988304,0.015249659970121966,11727.0955165692
1467,7.36533577114317,39672.51461988304,0.009499788178108766,7235.867446393761
1468,9.920278802202949,39672.51461988304,0.010249771455327879,8483.430799220272
1469,0.7064842471404045,39922.02729044834,0.02574942585118955,21208.57699805068
1470,0.7837325246939731,39922.02729044834,0.014499676692902853,8982.456140350876
1471,1.0987255011260006,39922.02729044834,0.01549965439586167,5239.766081871345
1472,1.975205957769404,39922.02729044834,0.010249771455327879,11228.070175438595
1473,2.4061963477446544,39922.02729044834,0.00974978260384847,13224.171539961013
1474,3.7531663136301816,39922.02729044834,0.017499609801779305,15719.298245614034
1475,6.098614015920088,39922.02729044834,0.032499275346161566,25450.292397660818
1476,7.207839282927156,39922.02729044834,0.009999777029588174,5988.304093567251
1477,7.751327164485273,39922.02729044834,0.023249481593792507,60631.57894736842
1478,8.002071573502198,39922.02729044834,0.008499810475149949,10479.53216374269
1479,8.888051818323708,39922.02729044834,0.014749671118642557,9980.506822612086
1480,9.59878597070169,39922.02729044834,0.009999777029588174,10978.557504873294
1481,10.422017614662535,39922.02729044834,0.014249682267163149,25949.317738791422
1482,10.440267207741533,39922.02729044834,0.010749760306807287,8483.430799220272
1483,10.45226694017704,39922.02729044834,0.008249816049410243,8483.430799220272
1484,10.670762068273541,39922.02729044834,0.027749381257107183,10479.53216374269
1485,0.18549586389886064,40171.539961013645,0.014499676692902853,16717.348927875242
1486,1.911957368057259,40171.539961013645,0.02349947601953221,20959.06432748538
1487,2.377696983210328,40171.539961013645,0.008999799326629357,7485.380116959064
1488,3.181679056389217,40171.539961013645,0.010749760306807287,8233.91812865497
1489,3.828164641352093,40171.539961013645,0.011249749158286696,14721.247563352827
1490,4.888640995339919,40171.539961013645,0.01549965439586167,11477.582846003897
1491,5.846869629200206,40171.539961013645,0.017499609801779305,17465.886939571148
1492,6.395857388124596,40171.539961013645,0.009999777029588174,18214.424951267054
1493,8.147818323708444,40171.539961013645,0.010249771455327879,7734.892787524366
1494,8.173067760708154,40171.539961013645,0.008999799326629357,12725.146198830409
1495,10.192772726259227,40171.539961013645,0.013999687841423445,7984.405458089668
1496,0.2352447546210618,40421.05263157895,0.006249860643492609,9730.994152046784
1497,7.956072599166092,40421.05263157895,0.01949956520769694,14721.247563352827
1498,8.649557136168031,40421.05263157895,0.017999598653258713,11228.070175438595
1499,9.58028638319695,40421.05263157895,0.008999799326629357,6487.3294346978555
1500,0.2072453789382149,40670.56530214425,0.010249771455327879,7734.892787524366
1501,0.39799112577760937,40670.56530214425,0.01599964324734108,9481.481481481482
1502,3.520921492117996,40670.56530214425,0.014499676692902853,10230.019493177388
1503,4.824642422350554,40670.56530214425,0.008249816049410243,8732.943469785574
1504,5.653373943677674,40670.56530214425,0.020999531762135166,47906.432748538005
1505,5.792120849963211,40670.56530214425,0.014499676692902853,15469.785575048732
1506,6.287359807353565,40670.56530214425,0.01674962652456019,29941.520467836257
1507,6.72285009699213,40670.56530214425,0.012499721286985219,7734.892787524366
1508,8.517310084951728,40670.56530214425,0.013499698989944036,12974.658869395711
1509,0.5584875471024996,40920.07797270955,0.008499810475149949,7734.892787524366
1510,1.650463198733528,40920.07797270955,0.045748979910365896,17216.374269005846
1511,3.3431754554170663,40920.07797270955,0.013249704564204332,26947.36842105263
1512,4.438401034582712,40920.07797270955,0.008499810475149949,8483.430799220272
1513,4.522899150482731,40920.07797270955,0.012749715712724922,6237.8167641325535
1514,4.565148208432741,40920.07797270955,0.013249704564204332,9980.506822612086
1515,4.657896140382172,40920.07797270955,0.01674962652456019,10479.53216374269
1516,6.057114941247297,40920.07797270955,0.010749760306807287,8982.456140350876
1517,6.410107070391759,40920.07797270955,0.007499832772191131,8233.91812865497
1518,6.850097259693639,40920.07797270955,0.014499676692902853,16218.323586744638
1519,7.201089433432184,40920.07797270955,0.007249838346451426,7485.380116959064
1520,7.388085263885483,40920.07797270955,0.009999777029588174,6986.354775828459
1521,8.330814243349907,40920.07797270955,0.010499765881067583,7734.892787524366
1522,0.15299658855269907,41169.59064327485,0.010999754732546992,6487.3294346978555
1523,2.288948962072733,41169.59064327485,0.009999777029588174,6237.8167641325535
1524,2.644941024326072,41169.59064327485,0.029999331088764524,11976.608187134501
1525,6.4796055207473975,41169.59064327485,0.007249838346451426,8732.943469785574
1526,9.11579674017258,41169.59064327485,0.021999509465093985,20959.06432748538
1527,0.9919778813351469,41419.103313840154,0.013499698989944036,27196.88109161793
1528,2.9801835492430158,41419.103313840154,0.031249303217463047,19212.475633528265
1529,3.2146783205868585,41419.103313840154,0.017999598653258713,18962.962962962964
1530,4.5338989052152785,41419.103313840154,0.018499587504738124,9231.968810916178
1531,6.092114160850856,41419.103313840154,0.015749648821601375,13723.196881091617
1532,7.973072220116391,41419.103313840154,0.009999777029588174,9481.481481481482
1533,8.930800865125198,41419.103313840154,0.008749804900889653,9231.968810916178
1534,1.3647195701130461,41668.61598440546,0.0069998439207117225,10978.557504873294
1535,3.4546729692969746,41668.61598440546,0.008999799326629357,7984.405458089668
1536,5.236133247118108,41668.61598440546,0.012499721286985219,11477.582846003897
1537,5.853869473120917,41668.61598440546,0.016499632098820487,19961.01364522417
1538,6.0713646235144605,41668.61598440546,0.010249771455327879,6736.8421052631575
1539,6.224861200918639,41668.61598440546,0.02799937568284689,18962.962962962964
1540,7.697578362951237,41668.61598440546,0.009999777029588174,8732.943469785574
1541,8.545059466208835,41668.61598440546,0.014999665544382262,5489.278752436647
1542,8.559309148475998,41668.61598440546,0.017999598653258713,31688.10916179337
1543,8.74430502352338,41668.61598440546,0.01374969341568374,11228.070175438595
1544,10.155023567972531,41668.61598440546,0.00974978260384847,7734.892787524366
1545,0.36624183370866686,41918.12865497076,0.012249726861245513,8732.943469785574
1546,2.5016942183772217,41918.12865497076,0.028249370108586594,24951.267056530214
1547,2.9124350598675557,41918.12865497076,0.010499765881067583,14222.22222222222
1548,3.0291824566879977,41918.12865497076,0.0229994871680528,11228.070175438595
1549,4.725394635331892,41918.12865497076,0.010499765881067583,13972.709551656919
1550,6.622352337844768,41918.12865497076,0.03324925862338068,29941.520467836257
1551,8.019821177729716,41918.12865497076,0.012999710138464626,21707.602339181285
1552,8.097069455283284,41918.12865497076,0.009999777029588174,9481.481481481482
1553,8.910801311066022,41918.12865497076,0.00974978260384847,8982.456140350876
1554,9.282043033289483,41918.12865497076,0.008999799326629357,8233.91812865497
1555,10.775509732658477,41918.12865497076,0.021999509465093985,16966.861598440544
1556,10.79725924769783,41918.12865497076,0.014249682267163149,19711.50097465887
1557,2.4594451604272116,42167.64132553606,0.03899913041539388,28693.957115009744
1558,3.6399188387700954,42167.64132553606,0.010749760306807287,7485.380116959064
1559,5.120385828000625,42167.64132553606,0.016999620950299898,15968.810916179336
1560,5.542626413074985,42167.64132553606,0.027749381257107183,28444.44444444444
1561,8.23656634484604,42167.64132553606,0.01199973243550581,20460.038986354775
1562,9.590036165800798,42167.64132553606,0.010499765881067583,11228.070175438595
1563,1.2064730986198133,42417.15399610136,0.014749671118642557,14222.22222222222
1564,1.2432222792035499,42417.15399610136,0.020749537336395462,12226.120857699805
1565,2.212950656647863,42417.15399610136,0.012499721286985219,8233.91812865497
1566,2.238450088073313,42417.15399610136,0.012749715712724922,10729.044834307992
1567,2.4946943744565098,42417.15399610136,0.009499788178108766,8982.456140350876
1568,2.7611884322950346,42417.15399610136,0.00799982162367054,7734.892787524366
1569,2.785687886017526,42417.15399610136,0.012499721286985219,12974.658869395711
1570,4.349653013445116,42417.15399610136,0.007249838346451426,10729.044834307992
1571,4.512149390175924,42417.15399610136,0.026499409128408664,27695.906432748536
1572,4.801392940756762,42417.15399610136,0.011749738009766105,8732.943469785574
1573,6.157362705968918,42417.15399610136,0.011249749158286696,8233.91812865497
1574,6.418856875292649,42417.15399610136,0.008999799326629357,12725.146198830409
1575,8.571058886485764,42417.15399610136,0.008499810475149949,10729.044834307992
1576,9.045048317688243,42417.15399610136,0.0172496153760396,15968.810916179336
1577,9.553786974068542,42417.15399610136,0.028999353385805705,32686.15984405458
1578,9.974027603736985,42417.15399610136,0.011249749158286696,6736.8421052631575
1579,0.10049775914736116,42666.666666666664,0.03274926977190127,18463.937621832356
1580,0.3427423576891347,42666.666666666664,0.011749738009766105,7235.867446393761
1581,1.0509765658097172,42666.666666666664,0.031749292068942454,23204.678362573097
1582,3.120930410934469,42666.666666666664,0.016499632098820487,13473.684210526315
1583,3.6761680305023527,42666.666666666664,0.014249682267163149,10479.53216374269
1584,5.341880889206003,42666.666666666664,0.010499765881067583,6237.8167641325535
1585,5.676873419697206,42666.666666666664,0.012999710138464626,15719.298245614034
1586,10.287770608040313,42666.666666666664,0.010249771455327879,5489.278752436647
1587,0.5942367499832772,42916.179337231966,0.0114997435840264,6487.3294346978555
1588,2.636691208276662,42916.179337231966,0.008999799326629357,6986.354775828459
1589,4.019410377042966,42916.179337231966,0.0057498717920132,11228.070175438595
1590,4.118908158487369,42916.179337231966,0.025999420276929253,22955.165692007795
1591,5.877868937991929,42916.179337231966,0.020999531762135166,32686.15984405458
1592,6.0381153648910795,42916.179337231966,0.02124952618787487,22206.62768031189
1593,7.8410751633258275,42916.179337231966,0.012999710138464626,7235.867446393761
1594,8.272315547726818,42916.179337231966,0.012249726861245513,7984.405458089668
1595,8.634807465049388,42916.179337231966,0.010499765881067583,13224.171539961013
1596,10.267021070703919,42916.179337231966,0.009499788178108766,10230.019493177388
1597,10.527515262324691,42916.179337231966,0.015749648821601375,13972.709551656919
1598,0.9677284220383956,43165.69200779727,0.011749738009766105,8483.430799220272
1599,3.133930121072934,43165.69200779727,0.010499765881067583,8982.456140350876
1600,3.9269124395192763,43165.69200779727,0.013999687841423445,9231.968810916178
1601,3.943162077192357,43165.69200779727,0.010999754732546992,8732.943469785574
1602,5.084386630694107,43165.69200779727,0.028999353385805705,24951.267056530214
1603,5.930367767397267,43165.69200779727,0.016999620950299898,12725.146198830409
1604,9.992277196815984,43165.69200779727,0.019749559633436643,12226.120857699805
1605,1.1054753506209727,43415.20467836257,0.014749671118642557,13473.684210526315
1606,3.4621728020691656,43415.20467836257,0.01549965439586167,18214.424951267054
1607,4.262904947713439,43415.20467836257,0.03499921960355861,24452.24171539961
1608,7.641079622734064,43415.20467836257,0.024999442573970437,19961.01364522417
1609,7.980572052888582,43415.20467836257,0.022499498316573392,20709.551656920077
1610,8.082569778590381,43415.20467836257,0.008499810475149949,8483.430799220272
1611,9.376290931793351,43415.20467836257,0.008249816049410243,8732.943469785574
1612,10.11277451002252,43415.20467836257,0.033999241900599796,38674.46393762183
1613,10.73901054650048,43415.20467836257,0.013999687841423445,16717.348927875242
1614,2.3189482931614975,43664.71734892787,0.013999687841423445,5489.278752436647
1615,3.4724225735244936,43664.71734892787,0.007499832772191131,9730.994152046784
1616,4.069909251042387,43664.71734892787,0.010999754732546992,7485.380116959064
1617,7.133590938482464,43664.71734892787,0.01599964324734108,25200.779727095516
1618,7.716077950455975,43664.71734892787,0.018999576356217532,24951.267056530214
1619,8.399062721576847,43664.71734892787,0.0114997435840264,12226.120857699805
1620,8.970549978817811,43664.71734892787,0.009499788178108766,9980.506822612086
1621,9.237044036656336,43664.71734892787,0.018249593078998417,10729.044834307992
1622,10.864257753796073,43664.71734892787,0.012249726861245513,15220.27290448343
1623,0.5512377087560482,43914.230019493174,0.02524943699971014,18713.45029239766
1624,3.1724292626368484,43914.230019493174,0.008499810475149949,7984.405458089668
1625,3.3921743628620487,43914.230019493174,0.013999687841423445,9481.481481481482
1626,4.449400789315258,43914.230019493174,0.014999665544382262,11976.608187134501
1627,5.361880443265179,43914.230019493174,0.024999442573970437,22955.165692007795
1628,6.3418585921648205,43914.230019493174,0.011249749158286696,7734.892787524366
1629,8.068820085174698,43914.230019493174,0.014249682267163149,10978.557504873294
1630,0.24299458181899264,44163.742690058476,0.016999620950299898,12725.146198830409
1631,1.5032164819728424,44163.742690058476,0.021499520613614573,17715.39961013645
1632,2.4359456844076792,44163.742690058476,0.017499609801779305,30939.571150097465
1633,2.949684229302772,44163.742690058476,0.046498963187585014,25200.779727095516
1634,6.60410274476577,44163.742690058476,0.015249659970121966,13723.196881091617
1635,6.683600972150996,44163.742690058476,0.008749804900889653,7984.405458089668
1636,7.630329862427256,44163.742690058476,0.012249726861245513,24951.267056530214
1637,7.949322749671119,44163.742690058476,0.008499810475149949,8233.91812865497
1638,9.263543445784745,44163.742690058476,0.012499721286985219,11228.070175438595
1639,0.5047387455684631,44413.25536062378,0.017999598653258713,21458.089668615983
1640,0.8697306071484314,44413.25536062378,0.016499632098820487,11228.070175438595
1641,3.6076695578496736,44413.25536062378,0.02224950389083369,11477.582846003897
1642,3.6636683092153675,44413.25536062378,0.012249726861245513,9481.481481481482
1643,4.3769024058507435,44413.25536062378,0.020249548484916054,8732.943469785574
1644,4.847141920667128,44413.25536062378,0.009249793752369062,12974.658869395711
1645,5.522376864590069,44413.25536062378,0.018749581930477828,29692.007797270955
1646,6.199361769493189,44413.25536062378,0.010499765881067583,7734.892787524366
1647,6.696350687863721,44413.25536062378,0.011749738009766105,7984.405458089668
1648,8.192817320341591,44413.25536062378,0.008499810475149949,16717.348927875242
1649,10.844508194162636,44413.25536062378,0.012749715712724922,21208.57699805068
1650,10.888257218667084,44413.25536062378,0.031749292068942454,18713.45029239766
1651,11.020754264309128,44413.25536062378,0.008999799326629357,11727.0955165692
1652,0.9989777252558586,44662.76803118908,0.012499721286985219,6986.354775828459
1653,1.1427245200561886,44662.76803118908,0.009249793752369062,8233.91812865497
1654,1.4754671007157352,44662.76803118908,0.010999754732546992,12974.658869395711
1655,2.1829513255590984,44662.76803118908,0.022749492742313096,13473.684210526315
1656,2.6074418604651166,44662.76803118908,0.029499342237285113,31438.59649122807
1657,2.838436709848603,44662.76803118908,0.0114997435840264,8732.943469785574
1658,5.835619880041919,44662.76803118908,0.010249771455327879,11228.070175438595
1659,8.047820553412564,44662.76803118908,0.012999710138464626,8483.430799220272
1660,8.43056201922005,44662.76803118908,0.019249570781957236,15220.27290448343
1661,8.80180374144351,44662.76803118908,0.014749671118642557,12725.146198830409
1662,8.861052420343821,44662.76803118908,0.02699939797988807,14721.247563352827
1663,10.369268790831457,44662.76803118908,0.00799982162367054,11477.582846003897
1664,10.968255434903789,44662.76803118908,0.014499676692902853,6237.8167641325535
1665,11.150501371268033,44662.76803118908,0.009999777029588174,13473.684210526315
1666,1.9387067716114073,44912.28070175438,0.020749537336395462,16467.83625730994
1667,2.206450801578631,44912.28070175438,0.009499788178108766,13473.684210526315
1668,3.8956631363018133,44912.28070175438,0.009999777029588174,7235.867446393761
1669,4.144907578764299,44912.28070175438,0.016499632098820487,26198.830409356724
1670,6.352358358045888,44912.28070175438,0.008249816049410243,7485.380116959064
1671,6.647851769270218,44912.28070175438,0.04949889629646146,44662.76803118908
1672,8.613807933287253,44912.28070175438,0.022499498316573392,20460.038986354775
1673,9.349041539387724,44912.28070175438,0.012249726861245513,13473.684210526315
1674,9.465538941782427,44912.28070175438,0.008249816049410243,11727.0955165692
1675,9.79978148899641,44912.28070175438,0.020499542910655758,16966.861598440544
1676,10.302770273584697,44912.28070175438,0.016499632098820487,11228.070175438595
1677,10.391268300296552,44912.28070175438,0.008499810475149949,10729.044834307992
1678,11.139501616535487,44912.28070175438,0.010499765881067583,15469.785575048732
1679,1.199973243550581,45161.793372319684,0.011249749158286696,11727.0955165692
1680,4.21090610715958,45161.793372319684,0.020749537336395462,22206.62768031189
1681,6.315109188610672,45161.793372319684,0.01674962652456019,31937.621832358673
1682,6.43510651296573,45161.793372319684,0.04749894089054383,26947.36842105263
1683,8.030070949185044,45161.793372319684,0.012499721286985219,13473.684210526315
1684,10.983005106022432,45161.793372319684,0.008749804900889653,7984.405458089668
1685,1.0262271176614863,45411.306042884986,0.008749804900889653,12974.658869395711
1686,1.0877257463934538,45411.306042884986,0.01674962652456019,13972.709551656919
1687,2.876685856986778,45411.306042884986,0.03549920845503802,16467.83625730994
1688,3.3149260853084797,45411.306042884986,0.017999598653258713,22456.14035087719
1689,4.855641731142278,45411.306042884986,0.013999687841423445,8982.456140350876
1690,6.905096033356374,45411.306042884986,0.007499832772191131,9730.994152046784
1691,9.478538651920891,45411.306042884986,0.009499788178108766,7235.867446393761
1692,10.459016789672011,45411.306042884986,0.009499788178108766,11976.608187134501
1693,11.121252023456488,45411.306042884986,0.008249816049410243,12475.633528265107
1694,2.371947111418315,45660.81871345029,0.020999531762135166,12725.146198830409
1695,4.579647885125644,45660.81871345029,0.028499364534326298,20210.526315789473
1696,4.868141452429263,45660.81871345029,0.012749715712724922,19711.50097465887
1697,7.200589444580705,45660.81871345029,0.02524943699971014,10978.557504873294
1698,8.381063122923589,45660.81871345029,0.010499765881067583,11477.582846003897
1699,9.662784543691053,45660.81871345029,0.030749314365983636,39922.02729044834
1700,0.0229994871680528,45910.33138401559,0.018249593078998417,17465.886939571148
1701,1.117975071907958,45910.33138401559,0.0229994871680528,20210.526315789473
1702,1.713961782871413,45910.33138401559,0.016249637673080783,23204.678362573097
1703,1.8547086445628667,45910.33138401559,0.02349947601953221,21957.115009746587
1704,2.05470418515463,45910.33138401559,0.0069998439207117225,8233.91812865497
1705,3.918412629044126,45910.33138401559,0.010499765881067583,11228.070175438595
1706,4.047909741577293,45910.33138401559,0.010499765881067583,9231.968810916178
1707,6.024365671475396,45910.33138401559,0.010249771455327879,8732.943469785574
1708,7.8635746616424,45910.33138401559,0.016999620950299898,12725.146198830409
1709,11.200000267564494,45910.33138401559,0.00799982162367054,9231.968810916178
1710,0.44549006666815316,46159.84405458089,0.008999799326629357,9730.994152046784
1711,0.9467288902762604,46159.84405458089,0.020749537336395462,11727.0955165692
1712,4.238155499565208,46159.84405458089,0.008749804900889653,7235.867446393761
1713,4.82014252268724,46159.84405458089,0.02174951503935428,15968.810916179336
1714,7.065092465829785,46159.84405458089,0.012499721286985219,13723.196881091617
1715,7.930073178889162,46159.84405458089,0.01949956520769694,11976.608187134501
1716,8.182317554460523,46159.84405458089,0.012499721286985219,18214.424951267054
1717,8.213816852103726,46159.84405458089,0.020749537336395462,18962.962962962964
1718,9.852780307253228,46159.84405458089,0.014749671118642557,11477.582846003897
1719,10.149023701754778,46159.84405458089,0.008999799326629357,9481.481481481482
1720,10.158523489932886,46159.84405458089,0.008749804900889653,10479.53216374269
1721,10.41726772057348,46159.84405458089,0.008999799326629357,9730.994152046784
1722,10.759510089411137,46159.84405458089,0.010999754732546992,9730.994152046784
1723,1.7462110637918349,46409.356725146194,0.015749648821601375,11228.070175438595
1724,3.302176369595755,46409.356725146194,0.01199973243550581,13972.709551656919
1725,3.8184148587482443,46409.356725146194,0.012749715712724922,18214.424951267054
1726,4.794393096836051,46409.356725146194,0.014249682267163149,13972.709551656919
1727,5.434128832303954,46409.356725146194,0.010249771455327879,8982.456140350876
1728,6.981594327632724,46409.356725146194,0.012749715712724922,7734.892787524366
1729,7.073592276304935,46409.356725146194,0.021999509465093985,30440.54580896686
1730,8.98154973355036,46409.356725146194,0.015749648821601375,28444.44444444444
1731,9.573036544850499,46409.356725146194,0.015749648821601375,24452.24171539961
1732,10.720510958995742,46409.356725146194,0.01674962652456019,9231.968810916178
1733,0.0802482106624451,46658.869395711496,0.02349947601953221,19961.01364522417
1734,0.7767326807732614,46658.869395711496,0.01199973243550581,22955.165692007795
1735,1.2309725523423043,46658.869395711496,0.014249682267163149,23204.678362573097
1736,1.3289703672322684,46658.869395711496,0.020749537336395462,27196.88109161793
1737,3.9509119043902876,46658.869395711496,0.01599964324734108,14471.734892787523
1738,4.771643604093737,46658.869395711496,0.010499765881067583,7984.405458089668
1739,5.229383397623136,46658.869395711496,0.008999799326629357,12974.658869395711
1740,7.250838324154385,46658.869395711496,0.012749715712724922,6986.354775828459
1741,8.092819550045709,46658.869395711496,0.016499632098820487,19961.01364522417
1742,10.002276973845571,46658.869395711496,0.01549965439586167,13972.709551656919
1743,1.7009620727329484,46908.3820662768,0.010499765881067583,6237.8167641325535
1744,2.5566929920399564,46908.3820662768,0.012999710138464626,15469.785575048732
1745,3.7651660460656875,46908.3820662768,0.008249816049410243,11477.582846003897
1746,5.869869116368259,46908.3820662768,0.012749715712724922,11477.582846003897
1747,5.9028683805658995,46908.3820662768,0.013499698989944036,11228.070175438595
1748,6.795848469308123,46908.3820662768,0.01599964324734108,18214.424951267054
1749,8.466561216526568,46908.3820662768,0.014249682267163149,24951.267056530214
1750,8.519310040357645,46908.3820662768,0.021499520613614573,22705.653021442493
1751,8.724055475038464,46908.3820662768,0.012999710138464626,13723.196881091617
1752,10.253771366139715,46908.3820662768,0.01599964324734108,16218.323586744638
1753,1.4339680260429442,47157.8947368421,0.012499721286985219,11976.608187134501
1754,2.2634495306472835,47157.8947368421,0.021499520613614573,17465.886939571148
1755,2.424195946397913,47157.8947368421,0.007249838346451426,9231.968810916178
1756,3.8549140449062413,47157.8947368421,0.026499409128408664,19212.475633528265
1757,4.078409061517537,47157.8947368421,0.006499855069232313,10729.044834307992
1758,4.161907199714598,47157.8947368421,0.027749381257107183,26198.830409356724
1759,5.73362215434012,47157.8947368421,0.031749292068942454,22955.165692007795
1760,6.407107137282883,47157.8947368421,0.014499676692902853,19711.50097465887
1761,7.3790854645588535,47157.8947368421,0.010249771455327879,6986.354775828459
1762,9.738032865838704,47157.8947368421,0.025499431425449845,14222.22222222222
1763,0.0,47407.4074074074,0.006249860643492609,17216.374269005846
1764,3.5984197640973044,47407.4074074074,0.008999799326629357,17465.886939571148
1765,4.157907288902763,47407.4074074074,0.0069998439207117225,7485.380116959064
1766,4.558898347789249,47407.4074074074,0.008499810475149949,8732.943469785574
1767,5.162134897099155,47407.4074074074,0.01549965439586167,18214.424951267054
1768,5.26788253918705,47407.4074074074,0.018999576356217532,32436.647173489277
1769,6.429106646747977,47407.4074074074,0.010999754732546992,8233.91812865497
1770,6.789098619813151,47407.4074074074,0.016249637673080783,6487.3294346978555
1771,8.730055341256216,47407.4074074074,0.018999576356217532,32436.647173489277
1772,8.825803206314523,47407.4074074074,0.016999620950299898,12725.146198830409
1773,10.627263038194833,47407.4074074074,0.009249793752369062,6736.8421052631575
1774,0.0069998439207117225,47656.9200779727,0.0114997435840264,7235.867446393761
1775,0.2909935115610159,47656.9200779727,0.012499721286985219,8233.91812865497
1776,0.8492310642377757,47656.9200779727,0.008999799326629357,6986.354775828459
1777,1.7832102388013111,47656.9200779727,0.018499587504738124,13224.171539961013
1778,2.284949051260898,47656.9200779727,0.0172496153760396,14222.22222222222
1779,2.980683538094495,47656.9200779727,0.00974978260384847,10729.044834307992
1780,3.545670940266227,47656.9200779727,0.009249793752369062,8982.456140350876
1781,3.7769157840754537,47656.9200779727,0.015749648821601375,22206.62768031189
1782,3.8851633704207456,47656.9200779727,0.01549965439586167,15220.27290448343
1783,4.061909429418717,47656.9200779727,0.007749827197930835,10729.044834307992
1784,5.338880956097126,47656.9200779727,0.0229994871680528,16218.323586744638
1785,7.082842070057304,47656.9200779727,0.02224950389083369,12725.146198830409
1786,7.663579121050637,47656.9200779727,0.025999420276929253,37426.90058479532
1787,9.204294766884436,47656.9200779727,0.014499676692902853,8732.943469785574
1788,9.439539521505496,47656.9200779727,0.012749715712724922,12974.658869395711
1789,1.842458917701621,47906.432748538005,0.01199973243550581,16218.323586744638
1790,3.3701748533969544,47906.432748538005,0.00974978260384847,6986.354775828459
1791,3.583670092978662,47906.432748538005,0.015749648821601375,11228.070175438595
1792,4.9766390332002945,47906.432748538005,0.008249816049410243,10230.019493177388
1793,5.983616580079824,47906.432748538005,0.028499364534326298,25949.317738791422
1794,9.287792905081496,47906.432748538005,0.012749715712724922,8233.91812865497
1795,0.19899556288880468,48155.945419103315,0.010999754732546992,16717.348927875242
1796,0.33649249704564205,48155.945419103315,0.019999554059176347,16717.348927875242
1797,3.01043287475752,48155.945419103315,0.028999353385805705,23204.678362573097
1798,3.1924288166960246,48155.945419103315,0.013999687841423445,10479.53216374269
1799,3.7886655220852195,48155.945419103315,0.030249325514504228,19711.50097465887
1800,6.17261236593904,48155.945419103315,0.026249414702668956,33185.18518518518
1801,6.275860063769538,48155.945419103315,0.009249793752369062,7235.867446393761
1802,7.461333630627216,48155.945419103315,0.010999754732546992,13972.709551656919
1803,7.91532350777052,48155.945419103315,0.006249860643492609,12974.658869395711
1804,8.408062520903476,48155.945419103315,0.014999665544382262,10978.557504873294
1805,9.380040848179448,48155.945419103315,0.016499632098820487,7984.405458089668
1806,0.3844914267876653,48405.45808966862,0.011249749158286696,9231.968810916178
1807,6.57010350286517,48405.45808966862,0.024249459296751322,27695.906432748536
1808,7.562581373051796,48405.45808966862,0.010499765881067583,12475.633528265107
1809,8.325064371557895,48405.45808966862,0.01774960422751901,29192.982456140347
1810,9.401040379941582,48405.45808966862,0.011749738009766105,12725.146198830409
1811,9.983527391915093,48405.45808966862,0.007749827197930835,7485.380116959064
1812,10.274770897901849,48405.45808966862,0.012499721286985219,11477.582846003897
1813,0.798232201386876,48654.97076023392,0.014249682267163149,6237.8167641325535
1814,2.060704051372383,48654.97076023392,0.027749381257107183,20460.038986354775
1815,2.219700506142835,48654.97076023392,0.025499431425449845,33185.18518518518
1816,2.498444290842605,48654.97076023392,0.011749738009766105,8732.943469785574
1817,3.9069128854600996,48654.97076023392,0.010249771455327879,8732.943469785574
1818,5.329131173493278,48654.97076023392,0.007749827197930835,8233.91812865497
1819,5.966616959129524,48654.97076023392,0.016499632098820487,13972.709551656919
1820,6.518854645588531,48654.97076023392,0.01199973243550581,23454.1910331384
1821,6.811848112555465,48654.97076023392,0.018999576356217532,17715.39961013645
1822,0.06999843920711722,48904.48343079922,0.010999754732546992,19711.50097465887
1823,0.8077319895649848,48904.48343079922,0.045748979910365896,36927.87524366471
1824,1.0159773462061585,48904.48343079922,0.007499832772191131,11976.608187134501
1825,1.6387134607237621,48904.48343079922,0.009499788178108766,8982.456140350876
1826,1.9597063033735425,48904.48343079922,0.010499765881067583,9980.506822612086
1827,2.571442663158599,48904.48343079922,0.02974933666302482,29442.495126705653
1828,6.869096836049857,48904.48343079922,0.007749827197930835,8982.456140350876
1829,7.179839907244309,48904.48343079922,0.014499676692902853,22456.14035087719
1830,7.8473250239693195,48904.48343079922,0.013499698989944036,14222.22222222222
1831,8.716305647840532,48904.48343079922,0.012999710138464626,17964.912280701752
1832,0.9164795647617562,49153.99610136452,0.013249704564204332,9231.968810916178
1833,2.1372023456487326,49153.99610136452,0.008249816049410243,10729.044834307992
1834,6.994344043345449,49153.99610136452,0.012999710138464626,23204.678362573097
1835,7.224338915025976,49153.99610136452,0.010249771455327879,11727.0955165692
1836,7.430834310686972,49153.99610136452,0.015749648821601375,14471.734892787523
1837,8.451561550982186,49153.99610136452,0.00974978260384847,11727.0955165692
1838,8.690056233137863,49153.99610136452,0.008999799326629357,11727.0955165692
1839,10.292520502129369,49153.99610136452,0.012999710138464626,5738.791423001949
1840,10.930756271042833,49153.99610136452,0.020749537336395462,15968.810916179336
1841,11.056253472764165,49153.99610136452,0.012499721286985219,9481.481481481482
1842,0.788982407634507,49403.508771929824,0.007749827197930835,9730.994152046784
1843,1.1634740573925841,49403.508771929824,0.012499721286985219,21957.115009746587
1844,2.7436888224932554,49403.508771929824,0.021999509465093985,24202.72904483431
1845,3.3939243238422265,49403.508771929824,0.014749671118642557,26448.343079922026
1846,3.6399188387700954,49403.508771929824,0.018249593078998417,12974.658869395711
1847,5.392379763205423,49403.508771929824,0.018249593078998417,22955.165692007795
1848,6.37560783963968,49403.508771929824,0.012999710138464626,16717.348927875242
1849,6.600602822805414,49403.508771929824,0.012249726861245513,14471.734892787523
1850,7.79607616669268,49403.508771929824,0.0229994871680528,17715.39961013645
1851,7.92307333496845,49403.508771929824,0.008249816049410243,11727.0955165692
1852,8.577308747129257,49403.508771929824,0.011749738009766105,10978.557504873294
1853,8.885801868492052,49403.508771929824,0.008499810475149949,9231.968810916178
1854,10.077025307141744,49403.508771929824,0.018249593078998417,17465.886939571148
1855,1.0057275747508307,49653.02144249513,0.008749804900889653,7235.867446393761
1856,4.539898771433031,49653.02144249513,0.022499498316573392,15968.810916179336
1857,8.458311400477157,49653.02144249513,0.010499765881067583,9980.506822612086
1858,10.093024950389085,49653.02144249513,0.01199973243550581,11727.0955165692
1859,1.7024620392873866,49902.53411306043,0.015249659970121966,8483.430799220272
1860,4.039159936676404,49902.53411306043,0.009999777029588174,9231.968810916178
1861,5.201634016366029,49902.53411306043,0.01199973243550581,13473.684210526315
1862,5.634374367321457,49902.53411306043,0.010749760306807287,9730.994152046784
1863,6.262110370353854,49902.53411306043,0.015749648821601375,8483.430799220272
1864,7.256838190372138,49902.53411306043,0.012499721286985219,7485.380116959064
1865,7.265088006421548,49902.53411306043,0.018249593078998417,7485.380116959064
1866,7.877324355058084,49902.53411306043,0.029999331088764524,17216.374269005846
1867,8.192067337064373,49902.53411306043,0.026749403554148368,23703.7037037037
1868,8.758054716939062,49902.53411306043,0.010499765881067583,8483.430799220272
1869,8.937800709045911,49902.53411306043,0.010749760306807287,11477.582846003897
1870,10.342769381703048,49902.53411306043,0.012499721286985219,20709.551656920077
1871,0.8797303841780196,50152.04678362573,0.014499676692902853,18962.962962962964
1872,1.8024598095832685,50152.04678362573,0.010499765881067583,15220.27290448343
1873,3.1426799259738236,50152.04678362573,0.02124952618787487,11976.608187134501
1874,4.811142723360611,50152.04678362573,0.011749738009766105,10479.53216374269
1875,7.620830074249148,50152.04678362573,0.015749648821601375,11727.0955165692
1876,8.352313763963522,50152.04678362573,0.011249749158286696,6736.8421052631575
1877,8.644057258801757,50152.04678362573,0.013249704564204332,11727.0955165692
1878,9.22504430422083,50152.04678362573,0.013249704564204332,6487.3294346978555
1879,9.909029053044662,50152.04678362573,0.014999665544382262,17216.374269005846
1880,9.923528729737564,50152.04678362573,0.011249749158286696,11976.608187134501
1881,0.595236727686236,50401.55945419103,0.01199973243550581,11727.0955165692
1882,1.9702060692546102,50401.55945419103,0.032499275346161566,16467.83625730994
1883,2.8524363976900267,50401.55945419103,0.029999331088764524,30690.058479532163
1884,3.5206714976922564,50401.55945419103,0.02574942585118955,42417.15399610136
1885,4.304904011237709,50401.55945419103,0.01599964324734108,20709.551656920077
1886,4.380652322236839,50401.55945419103,0.010749760306807287,6237.8167641325535
1887,5.264382617226694,50401.55945419103,0.01199973243550581,15968.810916179336
1888,7.4723333853597635,50401.55945419103,0.006749849494972018,6986.354775828459
1889,7.775826618207764,50401.55945419103,0.014249682267163149,14222.22222222222
1890,8.148068318134184,50401.55945419103,0.020749537336395462,26448.343079922026
1891,8.274065508706995,50401.55945419103,0.007749827197930835,10479.53216374269
1892,10.683511783986265,50401.55945419103,0.018749581930477828,12226.120857699805
1893,0.519238422261366,50651.072124756334,0.0172496153760396,22705.653021442493
1894,0.9632285223750809,50651.072124756334,0.012249726861245513,10230.019493177388
1895,1.5262159691408952,50651.072124756334,0.010999754732546992,15469.785575048732
1896,2.7181893910678054,50651.072124756334,0.01674962652456019,23703.7037037037
1897,3.270677071952552,50651.072124756334,0.010249771455327879,22456.14035087719
1898,6.034615442930724,50651.072124756334,0.014499676692902853,23953.216374269003
1899,6.058864902227475,50651.072124756334,0.013499698989944036,16218.323586744638
1900,0.17374612588909452,50900.584795321636,0.018999576356217532,11976.608187134501
1901,1.5954644250707932,50900.584795321636,0.0172496153760396,13972.709551656919
1902,2.355197484893755,50900.584795321636,0.019249570781957236,21458.089668615983
1903,3.93216232245981,50900.584795321636,0.013249704564204332,10230.019493177388
1904,5.516876987223796,50900.584795321636,0.012999710138464626,13224.171539961013
1905,5.582375526767598,50900.584795321636,0.008249816049410243,8483.430799220272
1906,6.156362728265959,50900.584795321636,0.01199973243550581,8483.430799220272
1907,7.103841601819439,50900.584795321636,0.012249726861245513,15719.298245614034
1908,9.165545630894782,50900.584795321636,0.00974978260384847,8982.456140350876
1909,10.585513969096302,50900.584795321636,0.008499810475149949,6487.3294346978555
1910,10.973005328992844,50900.584795321636,0.014249682267163149,10978.557504873294
1911,0.12774715155298894,51150.09746588694,0.012499721286985219,11477.582846003897
1912,3.104180784409909,51150.09746588694,0.009249793752369062,15220.27290448343
1913,3.207178487814667,51150.09746588694,0.014499676692902853,18962.962962962964
1914,3.4371733594951954,51150.09746588694,0.03724916943521595,24452.24171539961
1915,4.990388726615978,51150.09746588694,0.01374969341568374,16717.348927875242
1916,6.078114473009432,51150.09746588694,0.010999754732546992,6736.8421052631575
1917,8.795553880800018,51150.09746588694,0.007249838346451426,13723.196881091617
1918,9.0655478605989,51150.09746588694,0.012749715712724922,11976.608187134501
1919,9.77428205757096,51150.09746588694,0.026249414702668956,27695.906432748536
1920,10.763260005797232,51150.09746588694,0.012749715712724922,16467.83625730994
1921,0.30574318267965844,51399.61013645224,0.010499765881067583,8233.91812865497
1922,1.3494699101429242,51399.61013645224,0.008999799326629357,11477.582846003897
1923,3.3311757229815604,51399.61013645224,0.011249749158286696,8233.91812865497
1924,4.419401458226494,51399.61013645224,0.010499765881067583,11228.070175438595
1925,5.755371669379474,51399.61013645224,0.032499275346161566,31937.621832358673
1926,6.501355035786752,51399.61013645224,0.008999799326629357,11477.582846003897
1927,8.00807143971995,51399.61013645224,0.018749581930477828,20959.06432748538
1928,8.909801333363063,51399.61013645224,0.020749537336395462,13972.709551656919
1929,9.244793863854268,51399.61013645224,0.014249682267163149,5988.304093567251
1930,9.255293629735334,51399.61013645224,0.009499788178108766,11477.582846003897
1931,10.954755735913846,51399.61013645224,0.01599964324734108,14471.734892787523
1932,0.2169951615420634,51649.12280701754,0.024999442573970437,17964.912280701752
1933,0.27774380699681156,51649.12280701754,0.01374969341568374,12725.146198830409
1934,0.3259927311645745,51649.12280701754,0.012499721286985219,17216.374269005846
1935,1.732711364801891,51649.12280701754,0.01374969341568374,11228.070175438595
1936,1.812959575464336,51649.12280701754,0.018999576356217532,21208.57699805068
1937,2.692939954068095,51649.12280701754,0.018249593078998417,9980.506822612086
1938,4.241405427099824,51649.12280701754,0.007249838346451426,8982.456140350876
1939,4.433651140493657,51649.12280701754,0.0172496153760396,11727.0955165692
1940,9.537287341969721,51649.12280701754,0.011749738009766105,10978.557504873294
1941,10.35951900822761,51649.12280701754,0.021999509465093985,30939.571150097465
1942,10.674011995808158,51649.12280701754,0.010499765881067583,7485.380116959064
1943,10.854007982340745,51649.12280701754,0.0172496153760396,12725.146198830409
1944,0.5732372182211422,51898.635477582844,0.020999531762135166,23703.7037037037
1945,1.1827236281745412,51898.635477582844,0.00974978260384847,11727.0955165692
1946,1.3599696760239917,51898.635477582844,0.004749894089054383,11976.608187134501
1947,3.5766702490579503,51898.635477582844,0.008499810475149949,10230.019493177388
1948,6.368358001293229,51898.635477582844,0.007499832772191131,9980.506822612086
1949,7.054342705522978,51898.635477582844,0.005499877366273496,9231.968810916178
1950,7.323586702044639,51898.635477582844,0.0057498717920132,11228.070175438595
1951,7.334086467925707,51898.635477582844,0.008749804900889653,6736.8421052631575
1952,10.601763606769383,51898.635477582844,0.013249704564204332,10479.53216374269
1953,2.0972032375303797,52148.148148148146,0.012499721286985219,18713.45029239766
1954,3.4789224285937257,52148.148148148146,0.013249704564204332,15220.27290448343
1955,4.686895493767977,52148.148148148146,0.025499431425449845,22456.14035087719
1956,6.563353653370198,52148.148148148146,0.007499832772191131,10479.53216374269
1957,6.940345247385673,52148.148148148146,0.016999620950299898,17964.912280701752
1958,7.828825436464582,52148.148148148146,0.018749581930477828,9730.994152046784
1959,8.172817766282416,52148.148148148146,0.010499765881067583,6986.354775828459
1960,8.31231465584517,52148.148148148146,0.014999665544382262,19212.475633528265
1961,9.194544984280586,52148.148148148146,0.01199973243550581,4491.228070175438
1962,10.91700657762715,52148.148148148146,0.018249593078998417,18962.962962962964
1963,11.091752681219203,52148.148148148146,0.019249570781957236,14222.22222222222
1964,1.1934733884813487,52397.66081871345,0.00974978260384847,25450.292397660818
1965,2.1929511025886868,52397.66081871345,0.012249726861245513,14721.247563352827
1966,2.787937835849183,52397.66081871345,0.014749671118642557,16218.323586744638
1967,4.883891101250865,52397.66081871345,0.010749760306807287,10230.019493177388
1968,6.332358803986711,52397.66081871345,0.0172496153760396,21458.089668615983
1969,7.373085598341101,52397.66081871345,0.007249838346451426,9481.481481481482
1970,8.656806974514483,52397.66081871345,0.012749715712724922,16966.861598440544
1971,9.092547258578787,52397.66081871345,0.008499810475149949,7984.405458089668
1972,10.067275524537894,52397.66081871345,0.008999799326629357,10978.557504873294
1973,10.835258400410266,52397.66081871345,0.007499832772191131,13972.709551656919
1974,11.159251176168922,52397.66081871345,0.01199973243550581,6736.8421052631575
1975,11.180500702356799,52397.66081871345,0.012499721286985219,10230.019493177388
1976,1.3079708354701332,52647.17348927875,0.013499698989944036,17216.374269005846
1977,1.374969341568374,52647.17348927875,0.011749738009766105,12974.658869395711
1978,2.9144350152734733,52647.17348927875,0.015249659970121966,7984.405458089668
1979,3.3796746415750634,52647.17348927875,0.0114997435840264,14471.734892787523
1980,4.444400900800464,52647.17348927875,0.020249548484916054,13723.196881091617
1981,5.135885482396486,52647.17348927875,0.010249771455327879,10230.019493177388
1982,6.681351022319339,52647.17348927875,0.009499788178108766,6986.354775828459
1983,6.786848669981494,52647.17348927875,0.009999777029588174,8483.430799220272
1984,7.690828513456265,52647.17348927875,0.006499855069232313,9980.506822612086
1985,8.04207068162055,52647.17348927875,0.006749849494972018,9980.506822612086
1986,9.480538607326809,52647.17348927875,0.01674962652456019,28444.44444444444
1987,10.103774710695891,52647.17348927875,0.008999799326629357,8732.943469785574
1988,1.565965082833508,52896.68615984405,0.014249682267163149,16717.348927875242
1989,2.0259548261945644,52896.68615984405,0.022499498316573392,15968.810916179336
1990,2.167451671163237,52896.68615984405,0.01199973243550581,19461.988304093567
1991,2.234200182835738,52896.68615984405,0.012749715712724922,7984.405458089668
1992,3.352175254743696,52896.68615984405,0.016999620950299898,19461.988304093567
1993,3.7389166313630184,52896.68615984405,0.01549965439586167,31189.083820662767
1994,4.24515534348592,52896.68615984405,0.01599964324734108,13723.196881091617
1995,5.144635287297376,52896.68615984405,0.020999531762135166,29941.520467836257
1996,5.567625855648956,52896.68615984405,0.012999710138464626,10230.019493177388
1997,6.482855448282013,52896.68615984405,0.015249659970121966,12974.658869395711
1998,9.1152967513211,52896.68615984405,0.010749760306807287,13473.684210526315
1999,0.7642329594862762,53146.198830409354,0.014499676692902853,10978.557504873294
2000,2.519193828179001,53146.198830409354,0.010999754732546992,20709.551656920077
2001,3.553170773038418,53146.198830409354,0.012999710138464626,11477.582846003897
2002,4.390402104840688,53146.198830409354,0.011749738009766105,9730.994152046784
2003,4.760143860509711,53146.198830409354,0.02524943699971014,18962.962962962964
2004,4.979388971883432,53146.198830409354,0.011749738009766105,12475.633528265107
2005,6.762349216259003,53146.198830409354,0.011749738009766105,7984.405458089668
2006,7.588080804477246,53146.198830409354,0.01774960422751901,18214.424951267054
2007,7.954822627037393,53146.198830409354,0.016499632098820487,11727.0955165692
2008,8.703805926553548,53146.198830409354,0.012249726861245513,7734.892787524366
2009,8.948300474926977,53146.198830409354,0.01774960422751901,19461.988304093567
2010,10.716511048183907,53146.198830409354,0.00799982162367054,10230.019493177388
2011,0.45148993288590605,53395.711500974656,0.010749760306807287,27196.88109161793
2012,0.6814848045664341,53395.711500974656,0.012749715712724922,21208.57699805068
2013,4.610147205065888,53395.711500974656,0.016499632098820487,13224.171539961013
2014,5.239133180226984,53395.711500974656,0.01199973243550581,32187.134502923975
2015,5.4818777676202375,53395.711500974656,0.01549965439586167,12475.633528265107
2016,7.009593703315571,53395.711500974656,0.012749715712724922,14721.247563352827
2017,7.944822850007805,53395.711500974656,0.012749715712724922,11228.070175438595
2018,8.299564940132445,53395.711500974656,0.010499765881067583,12475.633528265107
2019,0.3554920734018596,53645.22417153996,0.041499074672790924,17465.886939571148
2020,0.6329858859729315,53645.22417153996,0.010999754732546992,9231.968810916178
2021,1.0379768556712525,53645.22417153996,0.018499587504738124,23204.678362573097
2022,1.244722245757988,53645.22417153996,0.014749671118642557,14970.760233918129
2023,1.4922167272402953,53645.22417153996,0.011749738009766105,8233.91812865497
2024,1.9072074739682046,53645.22417153996,0.009499788178108766,8233.91812865497
2025,2.209700729113247,53645.22417153996,0.012249726861245513,28693.957115009744
2026,2.6496909184151267,53645.22417153996,0.013499698989944036,6487.3294346978555
2027,4.086908871992687,53645.22417153996,0.0114997435840264,18713.45029239766
2028,4.852641798033401,53645.22417153996,0.010499765881067583,8233.91812865497
2029,5.915118107427145,53645.22417153996,0.03824914713817477,30690.058479532163
2030,7.201339427857924,53645.22417153996,0.012999710138464626,15719.298245614034
2031,8.966050079154497,53645.22417153996,0.0069998439207117225,7734.892787524366
2032,9.458789092287454,53645.22417153996,0.009249793752369062,8982.456140350876
2033,0.21424522285892664,53894.73684210526,0.011249749158286696,6487.3294346978555
2034,1.111975205690205,53894.73684210526,0.0057498717920132,13224.171539961013
2035,5.688373163281233,53894.73684210526,0.011749738009766105,12475.633528265107
2036,2.4254459185266115,54144.24951267056,0.00974978260384847,11477.582846003897
2037,3.2206781868046113,54144.24951267056,0.0172496153760396,22206.62768031189
2038,8.823553256482866,54144.24951267056,0.008499810475149949,7734.892787524366
2039,9.221794376686214,54144.24951267056,0.009499788178108766,7485.380116959064
2040,9.47178880242592,54144.24951267056,0.011249749158286696,6237.8167641325535
2041,9.976027559142903,54144.24951267056,0.010499765881067583,9980.506822612086
2042,10.664012218778568,54144.24951267056,0.010249771455327879,12725.146198830409
2043,0.4199906352427033,54393.76218323586,0.01774960422751901,24951.267056530214
2044,0.8007321456442731,54393.76218323586,0.016249637673080783,10729.044834307992
2045,0.9077297598608666,54393.76218323586,0.008999799326629357,12226.120857699805
2046,1.2594719168766306,54393.76218323586,0.009249793752369062,10230.019493177388
2047,2.3291980646168255,54393.76218323586,0.0069998439207117225,8982.456140350876
2048,2.417446096902941,54393.76218323586,0.0052498829405337915,12226.120857699805
2049,4.026410220963679,54393.76218323586,0.009999777029588174,13224.171539961013
2050,4.116408214229972,54393.76218323586,0.010999754732546992,9980.506822612086
2051,4.358902807197485,54393.76218323586,0.011749738009766105,12974.658869395711
2052,5.424879038551585,54393.76218323586,0.0114997435840264,7485.380116959064
2053,6.11311369261299,54393.76218323586,0.015249659970121966,10230.019493177388
2054,8.348563847577427,54393.76218323586,0.017999598653258713,9481.481481481482
2055,8.594808356931036,54393.76218323586,0.015749648821601375,27945.419103313838
2056,9.271793261834155,54393.76218323586,0.02349947601953221,31688.10916179337
2057,9.396540480278269,54393.76218323586,0.008749804900889653,14471.734892787523
2058,9.59878597070169,54393.76218323586,0.012499721286985219,13972.709551656919
2059,10.373518696069032,54393.76218323586,0.013499698989944036,6736.8421052631575
2060,2.6371911971281414,54643.274853801166,0.007499832772191131,12974.658869395711
2061,3.115930522419675,54643.274853801166,0.017499609801779305,17216.374269005846
2062,9.299292648665523,54643.274853801166,0.014999665544382262,14970.760233918129
2063,10.386268411781757,54643.274853801166,0.008249816049410243,7984.405458089668
2064,10.535015095096881,54643.274853801166,0.014749671118642557,13723.196881091617
2065,11.19600035675266,54643.274853801166,0.01599964324734108,11976.608187134501
2066,2.03770456420433,54892.78752436647,0.017999598653258713,27446.393762183234
2067,2.410696247407969,54892.78752436647,0.006499855069232313,10729.044834307992
2068,2.7579385047604186,54892.78752436647,0.018999576356217532,16717.348927875242
2069,3.6276691119088498,54892.78752436647,0.008999799326629357,9231.968810916178
2070,5.894618564516489,54892.78752436647,0.017999598653258713,11976.608187134501
2071,6.505604941024327,54892.78752436647,0.013249704564204332,20460.038986354775
2072,7.045842895047827,54892.78752436647,0.008749804900889653,7485.380116959064
2073,7.697828357376976,54892.78752436647,0.019999554059176347,19711.50097465887
2074,7.7363274989408914,54892.78752436647,0.018749581930477828,30690.058479532163
2075,10.557764587839195,54892.78752436647,0.010499765881067583,7734.892787524366
2076,2.398446520546724,55142.30019493177,0.0114997435840264,12226.120857699805
2077,2.447945416843185,55142.30019493177,0.012499721286985219,10479.53216374269
2078,5.754371691676515,55142.30019493177,0.008249816049410243,8982.456140350876
2079,6.541604138330844,55142.30019493177,0.010999754732546992,10230.019493177388
2080,7.2515883074316045,55142.30019493177,0.0069998439207117225,11976.608187134501
2081,10.46926656112734,55142.30019493177,0.010999754732546992,9980.506822612086
2082,2.5516931035251624,55391.81286549707,0.006249860643492609,15719.298245614034
2083,4.074409150705701,55391.81286549707,0.011749738009766105,7485.380116959064
2084,4.744894200539589,55391.81286549707,0.013249704564204332,10729.044834307992
2085,4.840642065597896,55391.81286549707,0.006249860643492609,10230.019493177388
2086,4.9663892617449665,55391.81286549707,0.009249793752369062,13473.684210526315
2087,5.211133804544137,55391.81286549707,0.0069998439207117225,15968.810916179336
2088,6.018115810831903,55391.81286549707,0.017499609801779305,13972.709551656919
2089,6.728099979932663,55391.81286549707,0.009249793752369062,11727.0955165692
2090,7.663829115476377,55391.81286549707,0.006499855069232313,12974.658869395711
2091,8.746554973355037,55391.81286549707,0.01674962652456019,22456.14035087719
2092,8.81080354077014,55391.81286549707,0.011249749158286696,38424.95126705653
2093,10.497015942384447,55391.81286549707,0.012499721286985219,7734.892787524366
2094,0.25349434770006024,55641.32553606237,0.008999799326629357,8233.91812865497
2095,4.335903320029432,55641.32553606237,0.011249749158286696,12974.658869395711
2096,5.836619857744878,55641.32553606237,0.013249704564204332,8483.430799220272
2097,6.084364333652925,55641.32553606237,0.0114997435840264,19212.475633528265
2098,6.738349751387991,55641.32553606237,0.007749827197930835,13224.171539961013
2099,7.129341033244889,55641.32553606237,0.006249860643492609,9980.506822612086
2100,9.612035675265894,55641.32553606237,0.010999754732546992,8483.430799220272
2101,9.80128145555085,55641.32553606237,0.010749760306807287,8732.943469785574
2102,10.411267854355728,55641.32553606237,0.007249838346451426,9730.994152046784
2103,10.62101317755134,55641.32553606237,0.014249682267163149,20210.526315789473
2104,10.725510847510536,55641.32553606237,0.010499765881067583,13972.709551656919
2105,10.875507502954358,55641.32553606237,0.01199973243550581,10230.019493177388
2106,10.94225601462686,55641.32553606237,0.008749804900889653,10978.557504873294
2107,0.7589830765457425,55890.838206627675,0.006249860643492609,9231.968810916178
2108,0.875230484514705,55890.838206627675,0.007499832772191131,8732.943469785574
2109,3.7141671832147876,55890.838206627675,0.010249771455327879,10479.53216374269
2110,3.975911346964258,55890.838206627675,0.010499765881067583,24701.754385964912
2111,4.29515422863386,55890.838206627675,0.009499788178108766,17216.374269005846
2112,4.37165252291021,55890.838206627675,0.011749738009766105,15220.27290448343
2113,5.383379963878793,55890.838206627675,0.014999665544382262,24202.72904483431
2114,7.116841311957904,55890.838206627675,0.01774960422751901,33684.21052631579
2115,10.026776427568063,55890.838206627675,0.008249816049410243,8982.456140350876
2116,0.1482466944636447,56140.35087719298,0.01774960422751901,23953.216374269003
2117,3.967411536489108,56140.35087719298,0.008999799326629357,10479.53216374269
2118,4.732394479252603,56140.35087719298,0.01199973243550581,14471.734892787523
2119,5.798370710606703,56140.35087719298,0.014249682267163149,8233.91812865497
2120,5.984366563357043,56140.35087719298,0.009249793752369062,9481.481481481482
2121,6.00386612856474,56140.35087719298,0.010249771455327879,8233.91812865497
2122,7.174590024303775,56140.35087719298,0.009249793752369062,9730.994152046784
2123,7.443334031973958,56140.35087719298,0.016499632098820487,13224.171539961013
2124,8.774804343463623,56140.35087719298,0.010749760306807287,12475.633528265107
2125,9.498788200405807,56140.35087719298,0.016499632098820487,29442.495126705653
2126,10.059025708488484,56140.35087719298,0.008749804900889653,19961.01364522417
2127,0.568237329706348,56389.86354775828,0.007499832772191131,9980.506822612086
2128,1.1494743695511607,56389.86354775828,0.016999620950299898,27695.906432748536
2129,3.1299302102610986,56389.86354775828,0.018499587504738124,27695.906432748536
2130,3.279176882427702,56389.86354775828,0.007499832772191131,10479.53216374269
2131,4.570398091373275,56389.86354775828,0.007499832772191131,13224.171539961013
2132,5.121135811277844,56389.86354775828,0.017999598653258713,10978.557504873294
2133,6.971844545028875,56389.86354775828,0.0057498717920132,11976.608187134501
2134,7.18808972329372,56389.86354775828,0.012749715712724922,21458.089668615983
2135,7.276587750005575,56389.86354775828,0.012249726861245513,10230.019493177388
2136,8.78555410377043,56389.86354775828,0.006499855069232313,14970.760233918129
2137,9.373540993110215,56389.86354775828,0.007749827197930835,6986.354775828459
2138,9.42903975562443,56389.86354775828,0.010249771455327879,9730.994152046784
2139,10.440017213315794,56389.86354775828,0.013499698989944036,10230.019493177388
2140,0.18774581373051796,56639.37621832358,0.010499765881067583,7235.867446393761
2141,0.44249013355927674,56639.37621832358,0.011249749158286696,9980.506822612086
2142,1.452717607973422,56639.37621832358,0.01199973243550581,15719.298245614034
2143,3.0811812972418564,56639.37621832358,0.006749849494972018,7235.867446393761
2144,5.439628709670227,56639.37621832358,0.017999598653258713,28444.44444444444
2145,6.7081004258734875,56639.37621832358,0.006749849494972018,9231.968810916178
2146,8.432061985774489,56639.37621832358,0.009499788178108766,16467.83625730994
2147,9.759282392026579,56639.37621832358,0.012499721286985219,14471.734892787523
2148,10.298520368347122,56639.37621832358,0.010749760306807287,7984.405458089668
2149,0.28874356172935856,56888.88888888888,0.017999598653258713,29941.520467836257
2150,0.8454811478516802,56888.88888888888,0.012249726861245513,12475.633528265107
2151,2.5396933710896565,56888.88888888888,0.012999710138464626,9481.481481481482
2152,3.1774291511516424,56888.88888888888,0.022499498316573392,10978.557504873294
2153,3.5139216481972846,56888.88888888888,0.012999710138464626,25200.779727095516
2154,3.947411982429932,56888.88888888888,0.007749827197930835,12974.658869395711
2155,4.323153604316707,56888.88888888888,0.01549965439586167,14222.22222222222
2156,4.716894824856742,56888.88888888888,0.012749715712724922,13723.196881091617
2157,5.320381368592388,56888.88888888888,0.021499520613614573,23204.678362573097
2158,5.643374166648086,56888.88888888888,0.01199973243550581,12974.658869395711
2159,5.703372828825615,56888.88888888888,0.0069998439207117225,16467.83625730994
2160,6.203861669156503,56888.88888888888,0.011749738009766105,13224.171539961013
2161,6.253110571027225,56888.88888888888,0.023749470445271915,20959.06432748538
2162,7.351836072153226,56888.88888888888,0.009249793752369062,22955.165692007795
2163,11.132751767040515,56888.88888888888,0.011249749158286696,13224.171539961013
2164,1.747961024772013,57138.401559454185,0.008999799326629357,8233.91812865497
2165,1.9154572900176148,57138.401559454185,0.015749648821601375,15220.27290448343
2166,2.1277025574706236,57138.401559454185,0.01199973243550581,13972.709551656919
2167,4.676645722312649,57138.401559454185,0.018999576356217532,35181.2865497076
2168,7.410584762202056,57138.401559454185,0.009249793752369062,7485.380116959064
2169,10.312020067337064,57138.401559454185,0.018999576356217532,18463.937621832356
2170,10.320019888960736,57138.401559454185,0.007499832772191131,8483.430799220272
2171,10.580514080581507,57138.401559454185,0.010249771455327879,26947.36842105263
2172,0.13924689513701533,57387.91423001949,0.007249838346451426,7984.405458089668
2173,0.38724136547080207,57387.91423001949,0.019249570781957236,21458.089668615983
2174,0.4189906575397445,57387.91423001949,0.008999799326629357,10978.557504873294
2175,1.450217663716025,57387.91423001949,0.008499810475149949,9980.506822612086
2176,1.637213494169324,57387.91423001949,0.006249860643492609,11976.608187134501
2177,1.659213003634418,57387.91423001949,0.00974978260384847,21707.602339181285
2178,1.7964599433655155,57387.91423001949,0.010749760306807287,15968.810916179336
2179,2.2499498316573394,57387.91423001949,0.008999799326629357,9231.968810916178
2180,4.918640326428683,57387.91423001949,0.015249659970121966,32935.67251461988
2181,6.193361903275436,57387.91423001949,0.009499788178108766,23953.216374269003
2182,8.390312916675958,57387.91423001949,0.013249704564204332,16467.83625730994
2183,9.236544047804857,57387.91423001949,0.013249704564204332,13473.684210526315
2184,9.948778166737275,57387.91423001949,0.009999777029588174,10479.53216374269
2185,0.04124908024705122,57637.42690058479,0.007749827197930835,9730.994152046784
2186,1.05697643202747,57637.42690058479,0.01599964324734108,26697.855750487328
2187,2.6574407456130573,57637.42690058479,0.022749492742313096,19212.475633528265
2188,3.5629205556422665,57637.42690058479,0.011749738009766105,16717.348927875242
2189,3.6149193961961252,57637.42690058479,0.008749804900889653,8982.456140350876
2190,4.231655644495976,57637.42690058479,0.010749760306807287,21957.115009746587
2191,5.035137728823385,57637.42690058479,0.015749648821601375,9231.968810916178
2192,9.155795848290932,57637.42690058479,0.012749715712724922,5738.791423001949
2193,10.451016968048341,57637.42690058479,0.017999598653258713,14970.760233918129
2194,0.2412446208388147,57886.93957115009,0.02124952618787487,17964.912280701752
2195,0.6394857410421637,57886.93957115009,0.010249771455327879,20210.526315789473
2196,0.8607308078218021,57886.93957115009,0.012249726861245513,17465.886939571148
2197,2.7781880532453345,57886.93957115009,0.018499587504738124,21208.57699805068
2198,3.3101761912194254,57886.93957115009,0.008999799326629357,16467.83625730994
2199,3.679917946888448,57886.93957115009,0.026749403554148368,17964.912280701752
2200,5.308881625008362,57886.93957115009,0.011749738009766105,21458.089668615983
2201,7.017593524939241,57886.93957115009,0.008499810475149949,8732.943469785574
2202,9.028298691163684,57886.93957115009,0.010499765881067583,8233.91812865497
2203,9.98602733617249,57886.93957115009,0.021499520613614573,12226.120857699805
2204,11.142501549644363,57886.93957115009,0.010249771455327879,16717.348927875242
2205,0.9807281321768602,58136.45224171539,0.012249726861245513,11727.0955165692
2206,1.203223171085197,58136.45224171539,0.01599964324734108,16717.348927875242
2207,3.0549318825391873,58136.45224171539,0.0069998439207117225,11477.582846003897
2208,5.171634685277264,58136.45224171539,0.016249637673080783,18463.937621832356
2209,6.78134879261522,58136.45224171539,0.013999687841423445,16717.348927875242
2210,9.413790095654308,58136.45224171539,0.012499721286985219,14721.247563352827
2211,10.0112767731722,58136.45224171539,0.014749671118642557,11976.608187134501
2212,10.219022140961895,58136.45224171539,0.0069998439207117225,15719.298245614034
2213,10.404518004860757,58136.45224171539,0.007749827197930835,16467.83625730994
2214,10.660262302392473,58136.45224171539,0.018249593078998417,16218.323586744638
2215,0.3072431492340967,58385.964912280695,0.015749648821601375,20709.551656920077
2216,1.5387156904278803,58385.964912280695,0.00799982162367054,11477.582846003897
2217,3.360925059644585,58385.964912280695,0.01549965439586167,24202.72904483431
2218,3.406174050703472,58385.964912280695,0.01199973243550581,13972.709551656919
2219,4.624396887333051,58385.964912280695,0.011749738009766105,16467.83625730994
2220,5.86811915538808,58385.964912280695,0.008749804900889653,12475.633528265107
2221,7.848075007246539,58385.964912280695,0.008499810475149949,7984.405458089668
2222,9.306792481437714,58385.964912280695,0.018249593078998417,35181.2865497076
2223,9.447289348703428,58385.964912280695,0.009249793752369062,10729.044834307992
2224,0.5449878481125555,58635.477582846004,0.010999754732546992,23953.216374269003
2225,6.850597248545118,58635.477582846004,0.011249749158286696,15968.810916179336
2226,8.93730072019443,58635.477582846004,0.0172496153760396,12226.120857699805
2227,9.248543780240363,58635.477582846004,0.00799982162367054,10230.019493177388
2228,0.26149416932373076,58884.990253411306,0.00799982162367054,8982.456140350876
2229,1.0152273629289394,58884.990253411306,0.005499877366273496,9980.506822612086
2230,1.7037120114160853,58884.990253411306,0.01199973243550581,20460.038986354775
2231,4.8056428459943366,58884.990253411306,0.008499810475149949,10978.557504873294
2232,6.46060594439118,58884.990253411306,0.017499609801779305,17465.886939571148
2233,7.051842761265581,58884.990253411306,0.015249659970121966,8732.943469785574
2234,7.612330263773997,58884.990253411306,0.00974978260384847,8233.91812865497
2235,7.679578764297978,58884.990253411306,0.012749715712724922,10230.019493177388
2236,9.09929710807376,58884.990253411306,0.014249682267163149,16717.348927875242
2237,9.921528774331646,58884.990253411306,0.010249771455327879,19711.50097465887
2238,10.586763941225,58884.990253411306,0.01949956520769694,11477.582846003897
2239,10.737260585520302,58884.990253411306,0.014249682267163149,12974.658869395711
2240,10.796509264420612,58884.990253411306,0.007249838346451426,7235.867446393761
2241,11.021504247586346,58884.990253411306,0.010249771455327879,12226.120857699805
2242,0.0052498829405337915,59134.50292397661,0.010749760306807287,5489.278752436647
2243,2.706689647483779,59134.50292397661,0.015749648821601375,20709.551656920077
2244,2.815187228254811,59134.50292397661,0.009499788178108766,10978.557504873294
2245,2.9099351156101587,59134.50292397661,0.02699939797988807,17216.374269005846
2246,4.382402283217018,59134.50292397661,0.008749804900889653,10729.044834307992
2247,5.077636781199136,59134.50292397661,0.013249704564204332,20959.06432748538
2248,10.29077054114919,59134.50292397661,0.011249749158286696,15968.810916179336
2249,10.566264398314345,59134.50292397661,0.006249860643492609,9481.481481481482
2250,10.778509665767354,59134.50292397661,0.012249726861245513,12974.658869395711
2251,11.108752302169503,59134.50292397661,0.00974978260384847,7485.380116959064
2252,0.7274837789025397,59384.01559454191,0.008749804900889653,11477.582846003897
2253,2.8864356395906268,59384.01559454191,0.012249726861245513,15719.298245614034
2254,4.876641262904413,59384.01559454191,0.013249704564204332,11228.070175438595
2255,5.415129255947736,59384.01559454191,0.010749760306807287,11477.582846003897
2256,6.802098329951616,59384.01559454191,0.008749804900889653,12725.146198830409
2257,8.031320921313743,59384.01559454191,0.010749760306807287,12226.120857699805
2258,11.166251020089636,59384.01559454191,0.0069998439207117225,14471.734892787523
2259,1.1404745702245314,59633.52826510721,0.012249726861245513,15469.785575048732
2260,1.677712591139156,59633.52826510721,0.008249816049410243,12974.658869395711
2261,2.289948939775692,59633.52826510721,0.0069998439207117225,8732.943469785574
2262,2.9749336663024817,59633.52826510721,0.016249637673080783,20460.038986354775
2263,3.7134171999375685,59633.52826510721,0.029499342237285113,19461.988304093567
2264,3.9046629356284424,59633.52826510721,0.03474922517781891,24701.754385964912
2265,6.151612834176905,59633.52826510721,0.011249749158286696,7485.380116959064
2266,7.339086356440501,59633.52826510721,0.00799982162367054,13224.171539961013
2267,8.498560503021249,59633.52826510721,0.018499587504738124,7734.892787524366
2268,8.068320096323218,59883.040935672514,0.00974978260384847,14222.22222222222
2269,8.85305259872015,59883.040935672514,0.010249771455327879,14471.734892787523
2270,10.175023122031707,59883.040935672514,0.006749849494972018,11477.582846003897
2271,0.919979486722112,60132.553606237816,0.017499609801779305,19461.988304093567
2272,1.3947189012018106,60132.553606237816,0.008249816049410243,9730.994152046784
2273,1.6952122009409352,60132.553606237816,0.007749827197930835,12475.633528265107
2274,1.8517087114539903,60132.553606237816,0.00799982162367054,11477.582846003897
2275,4.425901313295726,60132.553606237816,0.009249793752369062,11477.582846003897
2276,5.668873598073536,60132.553606237816,0.012999710138464626,12725.146198830409
2277,5.952867265713841,60132.553606237816,0.012499721286985219,11976.608187134501
2278,6.479855515173137,60132.553606237816,0.011249749158286696,6736.8421052631575
2279,7.302337175856764,60132.553606237816,0.014499676692902853,18463.937621832356
2280,9.637535106691344,60132.553606237816,0.030249325514504228,20709.551656920077
2281,0.09849780374144351,60382.06627680312,0.0069998439207117225,8982.456140350876
2282,1.7814602778211333,60382.06627680312,0.00799982162367054,8483.430799220272
2283,1.8767081540279607,60382.06627680312,0.008249816049410243,10230.019493177388
2284,3.076931392004281,60382.06627680312,0.012249726861245513,18463.937621832356
2285,4.001160783963968,60382.06627680312,0.020749537336395462,11228.070175438595
2286,4.647146380075364,60382.06627680312,0.008249816049410243,11727.0955165692
2287,5.576875649401325,60382.06627680312,0.010999754732546992,19212.475633528265
2288,5.592875292648666,60382.06627680312,0.008749804900889653,6986.354775828459
2289,6.229861089433433,60382.06627680312,0.01549965439586167,15968.810916179336
2290,6.873596735713171,60382.06627680312,0.014999665544382262,21458.089668615983
2291,6.928845503801646,60382.06627680312,0.00799982162367054,12974.658869395711
2292,7.0255933465629115,60382.06627680312,0.01549965439586167,12725.146198830409
2293,8.535559678030726,60382.06627680312,0.020249548484916054,18214.424951267054
2294,9.22529429864657,60382.06627680312,0.008999799326629357,8732.943469785574
2295,10.137523958170751,60382.06627680312,0.018499587504738124,10978.557504873294
2296,10.388768356039154,60382.06627680312,0.01374969341568374,9730.994152046784
2297,1.4224682824589179,60631.57894736842,0.012249726861245513,11228.070175438595
2298,1.829959196414636,60631.57894736842,0.006499855069232313,9980.506822612086
2299,3.1621794911815204,60631.57894736842,0.014749671118642557,15968.810916179336
2300,3.605669602443756,60631.57894736842,0.008999799326629357,11727.0955165692
2301,3.8404143682133385,60631.57894736842,0.011749738009766105,7235.867446393761
2302,5.258132756583202,60631.57894736842,0.008499810475149949,6986.354775828459
2303,5.603375058529734,60631.57894736842,0.008249816049410243,12226.120857699805
2304,5.80037066601262,60631.57894736842,0.010999754732546992,20709.551656920077
2305,8.21956672389574,60631.57894736842,0.0057498717920132,22206.62768031189
2306,8.409312493032175,60631.57894736842,0.012249726861245513,8233.91812865497
2307,9.814281165689314,60631.57894736842,0.009249793752369062,9481.481481481482
2308,10.28252072509978,60631.57894736842,0.012749715712724922,15719.298245614034
2309,10.998254765992554,60631.57894736842,0.010999754732546992,18214.424951267054
2310,0.5629874467658142,60881.09161793372,0.008999799326629357,15719.298245614034
2311,1.2349724631541394,60881.09161793372,0.013249704564204332,17964.912280701752
2312,2.64669098530625,60881.09161793372,0.008999799326629357,7485.380116959064
2313,6.248110682512431,60881.09161793372,0.008999799326629357,14222.22222222222
2314,8.10131936052086,60881.09161793372,0.016249637673080783,16717.348927875242
2315,8.376813217686014,60881.09161793372,0.013499698989944036,7734.892787524366
2316,8.580058685812393,60881.09161793372,0.00974978260384847,6487.3294346978555
2317,9.193545006577628,60881.09161793372,0.014749671118642557,15220.27290448343
2318,9.8595301567482,60881.09161793372,0.01199973243550581,18962.962962962964
2319,0.9567286673058486,61130.604288499024,0.008499810475149949,19711.50097465887
2320,1.2542220339360968,61130.604288499024,0.006749849494972018,12475.633528265107
2321,5.336881000691209,61130.604288499024,0.013499698989944036,17465.886939571148
2322,5.850119556734822,61130.604288499024,0.018499587504738124,14222.22222222222
2323,6.273110125086402,61130.604288499024,0.007249838346451426,8732.943469785574
2324,7.476333296171599,61130.604288499024,0.010499765881067583,11727.0955165692
2325,7.502082722022788,61130.604288499024,0.020749537336395462,22705.653021442493
2326,7.566081295012152,61130.604288499024,0.00974978260384847,6986.354775828459
2327,8.343313964636893,61130.604288499024,0.018999576356217532,18962.962962962964
2328,8.551309326852328,61130.604288499024,0.010249771455327879,6237.8167641325535
2329,8.561559098307654,61130.604288499024,0.0069998439207117225,12725.146198830409
2330,10.378268590158086,61130.604288499024,0.008999799326629357,16966.861598440544
2331,11.114252179535777,61130.604288499024,0.021999509465093985,33684.21052631579
2332,2.695939887176972,61380.116959064326,0.011249749158286696,13473.684210526315
2333,4.829642310865348,61380.116959064326,0.010999754732546992,12475.633528265107
2334,7.364335793440211,61380.116959064326,0.0229994871680528,18214.424951267054
2335,7.748577225802137,61380.116959064326,0.008749804900889653,8483.430799220272
2336,8.04132069834333,61380.116959064326,0.012999710138464626,15220.27290448343
2337,1.5164661865370466,61629.62962962963,0.011749738009766105,12725.146198830409
2338,1.8837079979486724,61629.62962962963,0.013499698989944036,16467.83625730994
2339,1.945706615532119,61629.62962962963,0.031749292068942454,18713.45029239766
2340,4.427651274275904,61629.62962962963,0.021499520613614573,23204.678362573097
2341,7.620080090971928,61629.62962962963,0.007249838346451426,10230.019493177388
2342,8.829553122700618,61629.62962962963,0.008249816049410243,8483.430799220272
2343,10.08727507859707,61629.62962962963,0.009999777029588174,13473.684210526315
2344,10.26527110972374,61629.62962962963,0.00974978260384847,8233.91812865497
2345,10.506265736136815,61629.62962962963,0.007749827197930835,10479.53216374269
2346,10.684511761689224,61629.62962962963,0.00399991081183527,11976.608187134501
2347,0.33324256951102593,61879.14230019493,0.012749715712724922,10479.53216374269
2348,3.755166269036099,61879.14230019493,0.012999710138464626,25200.779727095516
2349,4.5988974559076015,61879.14230019493,0.009249793752369062,11727.0955165692
2350,4.959639412249995,61879.14230019493,0.005499877366273496,18962.962962962964
2351,6.2091115520970375,61879.14230019493,0.0114997435840264,29941.520467836257
2352,9.152795915182056,61879.14230019493,0.023249481593792507,18463.937621832356
2353,9.369041093446901,61879.14230019493,0.007749827197930835,15719.298245614034
2354,10.097774844478138,61879.14230019493,0.011749738009766105,12725.146198830409
2355,10.439017235612836,61879.14230019493,0.010499765881067583,8732.943469785574
2356,11.045003723605879,61879.14230019493,0.013999687841423445,10230.019493177388
2357,0.10749760306807288,62128.65497076023,0.01674962652456019,26448.343079922026
2358,0.59198680015162,62128.65497076023,0.01549965439586167,18962.962962962964
2359,1.4344680148944235,62128.65497076023,0.016499632098820487,20460.038986354775
2360,4.391652076969386,62128.65497076023,0.00799982162367054,9481.481481481482
2361,4.4801501036812414,62128.65497076023,0.013249704564204332,14970.760233918129
2362,7.792076255880845,62128.65497076023,0.0114997435840264,10978.557504873294
2363,8.358813619032755,62128.65497076023,0.011249749158286696,9980.506822612086
2364,9.797531539164753,62128.65497076023,0.006749849494972018,13224.171539961013
2365,10.174773127605967,62128.65497076023,0.020249548484916054,20709.551656920077
2366,0.14424678365180943,62378.16764132553,0.008249816049410243,7984.405458089668
2367,0.4747394144796986,62378.16764132553,0.014499676692902853,9980.506822612086
2368,1.493216704943254,62378.16764132553,0.010249771455327879,13224.171539961013
2369,2.687440076701822,62378.16764132553,0.008999799326629357,10729.044834307992
2370,3.6429187718789717,62378.16764132553,0.011249749158286696,10729.044834307992
2371,6.1236134584940585,62378.16764132553,0.008749804900889653,15968.810916179336
2372,7.037093090146938,62378.16764132553,0.012499721286985219,11976.608187134501
2373,7.25483823496622,62378.16764132553,0.010249771455327879,10978.557504873294
2374,8.124818836540392,62378.16764132553,0.014749671118642557,17715.39961013645
2375,8.255565921202257,62378.16764132553,0.0069998439207117225,9481.481481481482
2376,10.638762781778858,62378.16764132553,0.018249593078998417,21707.602339181285
2377,2.0534542130259315,62627.680311890836,0.013249704564204332,21707.602339181285
2378,3.9604116925683965,62627.680311890836,0.011749738009766105,17715.39961013645
2379,5.1131359896541735,62627.680311890836,0.013499698989944036,7235.867446393761
2380,5.4728779682936075,62627.680311890836,0.00974978260384847,8732.943469785574
2381,5.832619946933042,62627.680311890836,0.010249771455327879,12226.120857699805
2382,6.375107850788201,62627.680311890836,0.01549965439586167,11727.0955165692
2383,6.888846395683293,62627.680311890836,0.016249637673080783,12226.120857699805
2384,8.804803674552387,62627.680311890836,0.004499899663314678,15220.27290448343
2385,9.320792169279137,62627.680311890836,0.011249749158286696,7734.892787524366
2386,0.940229035207028,62877.19298245614,0.009499788178108766,17465.886939571148
2387,1.174473812125131,62877.19298245614,0.010249771455327879,8233.91812865497
2388,3.294426542397824,62877.19298245614,0.01599964324734108,12974.658869395711
2389,4.102908515240028,62877.19298245614,0.017499609801779305,34183.23586744639
2390,8.677306517425139,62877.19298245614,0.013249704564204332,12475.633528265107
2391,10.16352337844768,62877.19298245614,0.011749738009766105,13473.684210526315
2392,10.24077165600125,62877.19298245614,0.011249749158286696,13972.709551656919
2393,10.528765234453388,62877.19298245614,0.010999754732546992,8483.430799220272
2394,11.08575281500145,62877.19298245614,0.00799982162367054,11228.070175438595
2395,0.2072453789382149,63126.70565302144,0.007499832772191131,9231.968810916178
2396,2.1869512363709336,63126.70565302144,0.0069998439207117225,11228.070175438595
2397,4.071159223171086,63126.70565302144,0.0069998439207117225,9980.506822612086
2398,4.588147695600794,63126.70565302144,0.010249771455327879,6986.354775828459
2399,5.585875448727954,63126.70565302144,0.006499855069232313,8483.430799220272
2400,6.416856919886731,63126.70565302144,0.008749804900889653,16966.861598440544
2401,7.950072732948338,63126.70565302144,0.017999598653258713,15968.810916179336
2402,0.7364835782291691,63376.21832358674,0.00799982162367054,6487.3294346978555
2403,1.0034776249191733,63376.21832358674,0.009499788178108766,14222.22222222222
2404,1.9874556846306497,63376.21832358674,0.006749849494972018,10230.019493177388
2405,2.554693036634039,63376.21832358674,0.012749715712724922,13224.171539961013
2406,3.545670940266227,63376.21832358674,0.023749470445271915,25200.779727095516
2407,4.446650850632121,63376.21832358674,0.015749648821601375,19961.01364522417
2408,5.187634328524605,63376.21832358674,0.010499765881067583,15719.298245614034
2409,6.906595999910812,63376.21832358674,0.00799982162367054,15719.298245614034
2410,10.606013512006957,63376.21832358674,0.012999710138464626,23703.7037037037
2411,11.17050092532721,63376.21832358674,0.0052498829405337915,12475.633528265107
2412,0.7029843251800486,63625.73099415204,0.009499788178108766,7235.867446393761
2413,0.717983990724431,63625.73099415204,0.008249816049410243,8483.430799220272
2414,6.107613815246717,63625.73099415204,0.012999710138464626,17964.912280701752
2415,6.956594885058753,63625.73099415204,0.009499788178108766,13723.196881091617
2416,9.033798568529956,63625.73099415204,0.02799937568284689,20210.526315789473
2417,9.256043613012555,63625.73099415204,0.01199973243550581,10230.019493177388
2418,9.586536243840444,63625.73099415204,0.016499632098820487,19711.50097465887
2419,1.1207250105910946,63875.243664717345,0.0057498717920132,12226.120857699805
2420,1.3594696871725123,63875.243664717345,0.01549965439586167,16966.861598440544
2421,2.1439521951437044,63875.243664717345,0.008499810475149949,16467.83625730994
2422,2.1764514704898663,63875.243664717345,0.007749827197930835,8483.430799220272
2423,2.2969487836964038,63875.243664717345,0.024249459296751322,13224.171539961013
2424,3.835414479698544,63875.243664717345,0.014249682267163149,12974.658869395711
2425,5.465378135521417,63875.243664717345,0.008249816049410243,10729.044834307992
2426,7.288587482441081,63875.243664717345,0.014249682267163149,11727.0955165692
2427,7.985071952551897,63875.243664717345,0.010249771455327879,13224.171539961013
2428,8.932300831679637,63875.243664717345,0.009249793752369062,11727.0955165692
2429,0.19074574683939444,64124.75633528265,0.008249816049410243,12974.658869395711
2430,0.4087408860844166,64124.75633528265,0.009249793752369062,11976.608187134501
2431,4.53239893866084,64124.75633528265,0.016999620950299898,23204.678362573097
2432,5.911618185466789,64124.75633528265,0.009249793752369062,10230.019493177388
2433,8.082069789738902,64124.75633528265,0.008249816049410243,8982.456140350876
2434,9.53003750362327,64124.75633528265,0.008249816049410243,10729.044834307992
2435,11.183000646614195,64124.75633528265,0.008749804900889653,10729.044834307992
2436,0.7884824187830276,64374.26900584795,0.012249726861245513,14721.247563352827
2437,1.0837258355816184,64374.26900584795,0.007749827197930835,14471.734892787523
2438,1.8454588508104977,64374.26900584795,0.004499899663314678,14721.247563352827
2439,3.249677540190417,64374.26900584795,0.010749760306807287,13723.196881091617
2440,5.469628040758992,64374.26900584795,0.0342492363263395,18214.424951267054
2441,6.516354701331134,64374.26900584795,0.009499788178108766,10479.53216374269
2442,9.883779616044952,64374.26900584795,0.01199973243550581,7984.405458089668
2443,10.969255412606747,64374.26900584795,0.012749715712724922,17964.912280701752
2444,0.02124952618787487,64623.78167641325,0.008749804900889653,19711.50097465887
2445,0.9067297821579077,64623.78167641325,0.01374969341568374,9481.481481481482
2446,1.6072141630805594,64623.78167641325,0.010499765881067583,22705.653021442493
2447,1.6494632210305693,64623.78167641325,0.009249793752369062,12974.658869395711
2448,2.318448304310018,64623.78167641325,0.009499788178108766,17964.912280701752
2449,3.6221692345425764,64623.78167641325,0.010499765881067583,13723.196881091617
2450,5.962117059466209,64623.78167641325,0.026749403554148368,17964.912280701752
2451,6.569603514013691,64623.78167641325,0.004749894089054383,15469.785575048732
2452,6.8278477558028055,64623.78167641325,0.011749738009766105,15968.810916179336
2453,7.316836852549668,64623.78167641325,0.014749671118642557,7485.380116959064
2454,8.694806127226917,64623.78167641325,0.007499832772191131,11477.582846003897
2455,10.565514415037125,64623.78167641325,0.008749804900889653,11228.070175438595
2456,0.6657351557448327,64873.29434697855,0.010249771455327879,6487.3294346978555
2457,0.9747282659591073,64873.29434697855,0.020999531762135166,16218.323586744638
2458,1.3787192579544696,64873.29434697855,0.008749804900889653,6736.8421052631575
2459,3.147429820062878,64873.29434697855,0.013999687841423445,9980.506822612086
2460,5.347380766572276,64873.29434697855,0.0114997435840264,7734.892787524366
2461,6.280109969007113,64873.29434697855,0.010499765881067583,8982.456140350876
2462,7.8665745947512775,64873.29434697855,0.01199973243550581,12974.658869395711
2463,8.165817922361704,64873.29434697855,0.007249838346451426,9730.994152046784
2464,9.833530736471271,64873.29434697855,0.010499765881067583,8483.430799220272
2465,10.718760998015565,64873.29434697855,0.008249816049410243,12475.633528265107
2466,0.7414834667439631,65122.807017543855,0.01199973243550581,17715.39961013645
2467,7.846325046266361,65122.807017543855,0.006749849494972018,8982.456140350876
2468,8.294815046043391,65122.807017543855,0.008499810475149949,11477.582846003897
2469,10.152273629289395,65122.807017543855,0.008249816049410243,12226.120857699805
2470,10.205022453120472,65122.807017543855,0.008249816049410243,10729.044834307992
2471,10.25802127137729,65122.807017543855,0.006499855069232313,11477.582846003897
2472,10.706011282302839,65122.807017543855,0.013999687841423445,19711.50097465887
2473,0.3457422907980111,65372.31968810916,0.007249838346451426,13723.196881091617
2474,3.5884199870677165,65372.31968810916,0.014249682267163149,10479.53216374269
2475,4.211906084862539,65372.31968810916,0.006499855069232313,12475.633528265107
2476,5.160634930544717,65372.31968810916,0.010749760306807287,8483.430799220272
2477,5.793620816517649,65372.31968810916,0.009249793752369062,15469.785575048732
2478,6.7398497179424295,65372.31968810916,0.012999710138464626,16966.861598440544
2479,8.07606992352115,65372.31968810916,0.006249860643492609,12725.146198830409
2480,9.060297977658365,65372.31968810916,0.010999754732546992,8732.943469785574
2481,0.6294859640125756,65621.83235867447,0.011249749158286696,5489.278752436647
2482,0.8394812816339272,65621.83235867447,0.012999710138464626,8483.430799220272
2483,1.7349613146335483,65621.83235867447,0.011249749158286696,13473.684210526315
2484,2.528943610782849,65621.83235867447,0.009249793752369062,6487.3294346978555
2485,3.546420923543446,65621.83235867447,0.008499810475149949,8233.91812865497
2486,3.578420210038128,65621.83235867447,0.009249793752369062,14721.247563352827
2487,4.0376599701219655,65621.83235867447,0.012499721286985219,15719.298245614034
2488,6.4796055207473975,65621.83235867447,0.01549965439586167,18713.45029239766
2489,7.146090659769449,65621.83235867447,0.0057498717920132,12974.658869395711
2490,7.427084394300877,65621.83235867447,0.013499698989944036,9231.968810916178
2491,7.935573056255436,65621.83235867447,0.011749738009766105,17216.374269005846
2492,8.442811746081295,65621.83235867447,0.012249726861245513,14222.22222222222
2493,0.27024397422462043,65871.34502923976,0.01374969341568374,18962.962962962964
2494,1.3214705344600772,65871.34502923976,0.006249860643492609,13224.171539961013
2495,1.34447002162813,65871.34502923976,0.011249749158286696,17964.912280701752
2496,1.523716024883498,65871.34502923976,0.009249793752369062,10479.53216374269
2497,1.5422156123882362,65871.34502923976,0.014749671118642557,17964.912280701752
2498,1.7642106624450937,65871.34502923976,0.012999710138464626,8233.91812865497
2499,3.431423487703182,65871.34502923976,0.00974978260384847,7485.380116959064
2500,4.982888893843787,65871.34502923976,0.010249771455327879,10479.53216374269
2501,6.339608642333163,65871.34502923976,0.010749760306807287,9730.994152046784
2502,7.468333474547928,65871.34502923976,0.011249749158286696,14721.247563352827
2503,7.6878285803473885,65871.34502923976,0.022749492742313096,19461.988304093567
2504,8.025821043947468,65871.34502923976,0.018249593078998417,17216.374269005846
2505,8.893051706838504,65871.34502923976,0.01599964324734108,11228.070175438595
2506,9.424789850386855,65871.34502923976,0.0069998439207117225,12226.120857699805
2507,10.421767620236796,65871.34502923976,0.008999799326629357,7235.867446393761
2508,1.5924644919619169,66120.85769980507,0.00974978260384847,9730.994152046784
2509,1.8587085553747018,66120.85769980507,0.008749804900889653,25949.317738791422
2510,2.5386933933866977,66120.85769980507,0.010999754732546992,6487.3294346978555
2511,2.6041919329305,66120.85769980507,0.011749738009766105,8483.430799220272
2512,3.201428616022654,66120.85769980507,0.007499832772191131,18713.45029239766
2513,4.555398425828892,66120.85769980507,0.007749827197930835,16717.348927875242
2514,5.046387477981672,66120.85769980507,0.015249659970121966,22456.14035087719
2515,6.092364155276595,66120.85769980507,0.0114997435840264,11477.582846003897
2516,6.656101585319629,66120.85769980507,0.006749849494972018,11228.070175438595
2517,7.651329394189392,66120.85769980507,0.021999509465093985,27695.906432748536
2518,7.994821735155745,66120.85769980507,0.010749760306807287,7485.380116959064
2519,9.638535084394302,66120.85769980507,0.014999665544382262,24202.72904483431
2520,10.893257107181878,66120.85769980507,0.019249570781957236,16218.323586744638
2521,0.6774848937545989,66370.37037037036,0.0042499052375749745,13723.196881091617
2522,2.5109440121295905,66370.37037037036,0.00799982162367054,13972.709551656919
2523,3.1934287943989834,66370.37037037036,0.007249838346451426,8233.91812865497
2524,3.825664697094696,66370.37037037036,0.011249749158286696,12475.633528265107
2525,5.034137751120427,66370.37037037036,0.009999777029588174,14222.22222222222
2526,6.549103971103035,66370.37037037036,0.010499765881067583,10978.557504873294
2527,9.125046533924948,66370.37037037036,0.008749804900889653,6487.3294346978555
2528,9.215544516042721,66370.37037037036,0.015249659970121966,16467.83625730994
2529,9.749032620571251,66370.37037037036,0.008499810475149949,14222.22222222222
2530,10.19752262034828,66370.37037037036,0.013999687841423445,15968.810916179336
2531,0.5347380766572276,66619.88304093567,0.010249771455327879,14471.734892787523
2532,3.3804246248522825,66619.88304093567,0.009249793752369062,8233.91812865497
2533,3.8166648977680664,66619.88304093567,0.007499832772191131,13723.196881091617
2534,4.139907690249504,66619.88304093567,0.014999665544382262,8233.91812865497
2535,8.830553100403577,66619.88304093567,0.021999509465093985,16966.861598440544
2536,8.910551316640282,66619.88304093567,0.007249838346451426,8233.91812865497
2537,9.448539320832126,66619.88304093567,0.007749827197930835,17964.912280701752
2538,9.740282815670362,66619.88304093567,0.008749804900889653,7734.892787524366
2539,1.7534609021382863,66869.39571150097,0.006499855069232313,11228.070175438595
2540,1.7939599991081185,66869.39571150097,0.010499765881067583,19711.50097465887
2541,2.271449352270954,66869.39571150097,0.012999710138464626,15220.27290448343
2542,4.023410287854802,66869.39571150097,0.015249659970121966,19461.988304093567
2543,4.193156502932061,66869.39571150097,0.017999598653258713,13972.709551656919
2544,4.454150683404313,66869.39571150097,0.011249749158286696,14970.760233918129
2545,5.136885460099445,66869.39571150097,0.013999687841423445,16218.323586744638
2546,5.36988026488885,66869.39571150097,0.00974978260384847,7485.380116959064
2547,6.843597404624407,66869.39571150097,0.010749760306807287,10729.044834307992
2548,8.05907030257085,66869.39571150097,0.008499810475149949,11976.608187134501
2549,10.432767374969343,66869.39571150097,0.01549965439586167,14471.734892787523
2550,10.729260763896631,66869.39571150097,0.008499810475149949,10479.53216374269
2551,0.5512377087560482,67118.90838206628,0.01374969341568374,11228.070175438595
2552,1.0144773796517204,67118.90838206628,0.01674962652456019,11727.0955165692
2553,1.642963365961337,67118.90838206628,0.009249793752369062,19461.988304093567
2554,8.578058730406475,67118.90838206628,0.008249816049410243,11976.608187134501
2555,9.028298691163684,67118.90838206628,0.012499721286985219,7485.380116959064
2556,10.356769069544471,67118.90838206628,0.00974978260384847,13972.709551656919
2557,7.829075430890321,67368.42105263157,0.014749671118642557,7984.405458089668
2558,10.024526477736405,67368.42105263157,0.0057498717920132,8732.943469785574
2559,1.6287136836941738,67617.93372319688,0.010499765881067583,11477.582846003897
2560,2.0917033601641064,67617.93372319688,0.014499676692902853,13723.196881091617
2561,2.4054463644674353,67617.93372319688,0.01374969341568374,8732.943469785574
2562,3.1691793351022324,67617.93372319688,0.015749648821601375,19212.475633528265
2563,4.636896608620036,67617.93372319688,0.0069998439207117225,10978.557504873294
2564,4.964889295190528,67617.93372319688,0.012749715712724922,12475.633528265107
2565,5.252882873642668,67617.93372319688,0.009499788178108766,17216.374269005846
2566,6.297859573234632,67617.93372319688,0.0069998439207117225,10978.557504873294
2567,6.5893530736471275,67617.93372319688,0.01549965439586167,25200.779727095516
2568,7.586580837922808,67617.93372319688,0.012749715712724922,12226.120857699805
2569,8.42156221989342,67617.93372319688,0.012749715712724922,23703.7037037037
2570,9.349541528239204,67617.93372319688,0.008499810475149949,15469.785575048732
2571,9.85153033512453,67617.93372319688,0.009499788178108766,12475.633528265107
2572,0.23974465428437647,67867.44639376218,0.008499810475149949,11228.070175438595
2573,2.252949764766216,67867.44639376218,0.005999866217752905,11976.608187134501
2574,2.3894467212200943,67867.44639376218,0.009499788178108766,9231.968810916178
2575,6.291609712591139,67867.44639376218,0.005499877366273496,12226.120857699805
2576,6.635102053557493,67867.44639376218,0.009499788178108766,14222.22222222222
2577,8.264065731677407,67867.44639376218,0.006749849494972018,8483.430799220272
2578,8.609808022475418,67867.44639376218,0.008249816049410243,17465.886939571148
2579,9.670784365314724,67867.44639376218,0.007249838346451426,10230.019493177388
2580,9.934028495618632,67867.44639376218,0.010249771455327879,20959.06432748538
2581,10.523015362661376,67867.44639376218,0.006249860643492609,11727.0955165692
2582,10.631262949006668,67867.44639376218,0.008999799326629357,8732.943469785574
2583,10.955255724765324,67867.44639376218,0.012499721286985219,9231.968810916178
2584,0.7774826640504806,68116.95906432749,0.006749849494972018,11477.582846003897
2585,2.8771858458382575,68116.95906432749,0.01674962652456019,20959.06432748538
2586,3.4139238779014027,68116.95906432749,0.009499788178108766,8233.91812865497
2587,3.7911654663426164,68116.95906432749,0.01549965439586167,10978.557504873294
2588,5.617374746371157,68116.95906432749,0.007249838346451426,11727.0955165692
2589,6.156862717117439,68116.95906432749,0.007499832772191131,9730.994152046784
2590,6.4986050971036144,68116.95906432749,0.005999866217752905,11228.070175438595
2591,6.809598162723807,68116.95906432749,0.019249570781957236,13224.171539961013
2592,6.895346250752525,68116.95906432749,0.0114997435840264,18713.45029239766
2593,7.8983238868202195,68116.95906432749,0.016249637673080783,30191.03313840156
2594,8.817553390265113,68116.95906432749,0.008749804900889653,13972.709551656919
2595,0.229994871680528,68366.47173489278,0.0069998439207117225,10479.53216374269
2596,0.4417401502820576,68366.47173489278,0.009499788178108766,13224.171539961013
2597,0.711984124506678,68366.47173489278,0.009999777029588174,12974.658869395711
2598,0.8287315213271199,68366.47173489278,0.013999687841423445,15220.27290448343
2599,2.152702000044594,68366.47173489278,0.008999799326629357,7485.380116959064
2600,3.832914535441147,68366.47173489278,0.020249548484916054,22206.62768031189
2601,4.573648018907892,68366.47173489278,0.008749804900889653,11228.070175438595
2602,7.646079511248858,68366.47173489278,0.00799982162367054,12226.120857699805
2603,1.1274748600860667,68615.98440545809,0.008249816049410243,7984.405458089668
2604,4.4956497580771035,68615.98440545809,0.011249749158286696,15220.27290448343
2605,5.000388503645566,68615.98440545809,0.011249749158286696,6986.354775828459
2606,6.76459916609066,68615.98440545809,0.009249793752369062,8982.456140350876
2607,9.995777118776338,68615.98440545809,0.012749715712724922,17715.39961013645
2608,10.537015050502799,68615.98440545809,0.022499498316573392,25200.779727095516
2609,1.9757059466208835,68865.49707602338,0.008249816049410243,11228.070175438595
2610,3.3124261410510827,68865.49707602338,0.009999777029588174,16966.861598440544
2611,4.2429053936542624,68865.49707602338,0.018999576356217532,9730.994152046784
2612,6.700100604249816,68865.49707602338,0.006499855069232313,10230.019493177388
2613,7.112591406720329,68865.49707602338,0.007499832772191131,10978.557504873294
2614,8.765554549711254,68865.49707602338,0.010249771455327879,14721.247563352827
2615,10.589763874333876,68865.49707602338,0.012499721286985219,21458.089668615983
2616,0.7267337956253206,69115.0097465887,0.0114997435840264,10729.044834307992
2617,4.7673936988561625,69115.0097465887,0.014749671118642557,23703.7037037037
2618,9.476788690940714,69115.0097465887,0.009999777029588174,13224.171539961013
2619,9.811781221431916,69115.0097465887,0.018249593078998417,14721.247563352827
2620,10.691261611184197,69115.0097465887,0.012999710138464626,12974.658869395711
2621,11.202000222970412,69115.0097465887,0.008999799326629357,16966.861598440544
2622,0.07249838346451426,69364.52241715399,0.014249682267163149,23703.7037037037
2623,0.353492117995942,69364.52241715399,0.008749804900889653,11228.070175438595
2624,0.49573894624183373,69364.52241715399,0.008999799326629357,8483.430799220272
2625,1.291971192222792,69364.52241715399,0.011249749158286696,15220.27290448343
2626,4.054659591072265,69364.52241715399,0.0114997435840264,8732.943469785574
2627,4.374402461593347,69364.52241715399,0.008249816049410243,11976.608187134501
2628,4.992888670873375,69364.52241715399,0.0069998439207117225,12475.633528265107
2629,5.591125331668488,69364.52241715399,0.005999866217752905,9980.506822612086
2630,5.736372093023256,69364.52241715399,0.008499810475149949,8233.91812865497
2631,6.429356641173717,69364.52241715399,0.011749738009766105,17465.886939571148
2632,7.485333095498228,69364.52241715399,0.015249659970121966,10479.53216374269
2633,9.768532185778948,69364.52241715399,0.006249860643492609,14721.247563352827
2634,9.831030792213873,69364.52241715399,0.007749827197930835,9730.994152046784
2635,0.45698981025217955,69614.0350877193,0.010749760306807287,12725.146198830409
2636,3.770415929006221,69614.0350877193,0.011249749158286696,13473.684210526315
2637,4.7341444402327815,69614.0350877193,0.009249793752369062,8732.943469785574
2638,4.84514196526121,69614.0350877193,0.010499765881067583,10729.044834307992
2639,7.234838680907044,69614.0350877193,0.016249637673080783,16218.323586744638
2640,8.002821556779416,69614.0350877193,0.008249816049410243,17465.886939571148
2641,8.64130732011862,69614.0350877193,0.010749760306807287,15469.785575048732
2642,9.180045307587683,69614.0350877193,0.018249593078998417,20210.526315789473
2643,9.616785569354947,69614.0350877193,0.00974978260384847,9730.994152046784
2644,10.941506031349642,69614.0350877193,0.012499721286985219,9980.506822612086
2645,0.802482106624451,69863.54775828459,0.012249726861245513,6736.8421052631575
2646,1.6199638787932842,69863.54775828459,0.007499832772191131,18713.45029239766
2647,2.25769965885527,69863.54775828459,0.0069998439207117225,11727.0955165692
2648,2.4889445026644967,69863.54775828459,0.02524943699971014,49403.508771929824
2649,2.7459387723249127,69863.54775828459,0.006749849494972018,10230.019493177388
2650,4.013410510825214,69863.54775828459,0.007499832772191131,9481.481481481482
2651,5.906618296951995,69863.54775828459,0.0042499052375749745,16218.323586744638
2652,6.1963618363843125,69863.54775828459,0.012499721286985219,37426.90058479532
2653,7.2795876831144515,69863.54775828459,0.012999710138464626,9730.994152046784
2654,7.341086311846419,69863.54775828459,0.013499698989944036,12974.658869395711
2655,10.500765858770542,69863.54775828459,0.013999687841423445,15220.27290448343
2656,10.75576017302504,69863.54775828459,0.010999754732546992,10479.53216374269
2657,10.86725768690495,69863.54775828459,0.007249838346451426,11976.608187134501
2658,0.1384969118597962,70113.0604288499,0.010499765881067583,8732.943469785574
2659,0.20249548484916052,70113.0604288499,0.008749804900889653,12475.633528265107
2660,3.336675600347834,70113.0604288499,0.01374969341568374,13473.684210526315
2661,3.474672523356151,70113.0604288499,0.012499721286985219,22705.653021442493
2662,4.332403398069077,70113.0604288499,0.01549965439586167,13723.196881091617
2663,5.824370130883632,70113.0604288499,0.008749804900889653,14721.247563352827
2664,6.304859417155344,70113.0604288499,0.012249726861245513,14471.734892787523
2665,6.749849494972017,70113.0604288499,0.006499855069232313,10729.044834307992
2666,6.784098731298357,70113.0604288499,0.01774960422751901,22705.653021442493
2667,8.322564427300497,70113.0604288499,0.007749827197930835,9980.506822612086
2668,8.786804075899129,70113.0604288499,0.013999687841423445,12725.146198830409
2669,10.988254988962966,70113.0604288499,0.007499832772191131,12974.658869395711
2670,1.3074708466186538,70362.5730994152,0.0114997435840264,7734.892787524366
2671,1.914457312314656,70362.5730994152,0.013499698989944036,22705.653021442493
2672,4.221655867466388,70362.5730994152,0.007249838346451426,10230.019493177388
2673,5.320881357443867,70362.5730994152,0.012249726861245513,15968.810916179336
2674,5.45362839751165,70362.5730994152,0.0114997435840264,14222.22222222222
2675,6.05411500813842,70362.5730994152,0.011249749158286696,6986.354775828459
2676,9.52103770429664,70362.5730994152,0.012249726861245513,12475.633528265107
2677,9.911279002876318,70362.5730994152,0.010499765881067583,9980.506822612086
2678,0.6572353452696827,70612.0857699805,0.010749760306807287,7235.867446393761
2679,2.6996898035630674,70612.0857699805,0.04174906909853063,43914.230019493174
2680,4.080159022497715,70612.0857699805,0.010499765881067583,13473.684210526315
2681,4.719144774688399,70612.0857699805,0.014749671118642557,9730.994152046784
2682,5.895368547793709,70612.0857699805,0.009999777029588174,8982.456140350876
2683,8.175817699391292,70612.0857699805,0.02349947601953221,27446.393762183234
2684,8.521809984615043,70612.0857699805,0.016499632098820487,21957.115009746587
2685,9.965027804410356,70612.0857699805,0.012499721286985219,9730.994152046784
2686,0.7527332159022498,70861.5984405458,0.007249838346451426,14721.247563352827
2687,1.1132251778189035,70861.5984405458,0.008749804900889653,9730.994152046784
2688,2.160701821668265,70861.5984405458,0.009499788178108766,10479.53216374269
2689,3.110180650627662,70861.5984405458,0.015249659970121966,19961.01364522417
2690,5.544126379629423,70861.5984405458,0.015749648821601375,21707.602339181285
2691,5.563125955985641,70861.5984405458,0.010499765881067583,13224.171539961013
2692,7.051342772414102,70861.5984405458,0.00799982162367054,12974.658869395711
2693,7.774326651653326,70861.5984405458,0.009249793752369062,12725.146198830409
2694,8.021571138709893,70861.5984405458,0.009249793752369062,14970.760233918129
2695,8.223316640281835,70861.5984405458,0.0057498717920132,10978.557504873294
2696,8.711555753751478,70861.5984405458,0.018499587504738124,15469.785575048732
2697,9.291542821467592,70861.5984405458,0.0042499052375749745,14222.22222222222
2698,10.041026109835226,70861.5984405458,0.00974978260384847,29442.495126705653
2699,10.268271042832616,70861.5984405458,0.016249637673080783,14721.247563352827
2700,0.9172295480389753,71111.11111111111,0.00974978260384847,14222.22222222222
2701,2.3426977636067696,71111.11111111111,0.014999665544382262,18463.937621832356
2702,3.4969220272469848,71111.11111111111,0.008749804900889653,14721.247563352827
2703,4.310403888603982,71111.11111111111,0.010749760306807287,9980.506822612086
2704,6.885596468148677,71111.11111111111,0.008999799326629357,10230.019493177388
2705,7.252338290708823,71111.11111111111,0.012249726861245513,11228.070175438595
2706,7.51733238199291,71111.11111111111,0.01674962652456019,27446.393762183234
2707,8.824303239760084,71111.11111111111,0.009249793752369062,16717.348927875242
2708,10.231521862248881,71111.11111111111,0.005999866217752905,12475.633528265107
2709,0.6244860754977815,71360.6237816764,0.006749849494972018,11477.582846003897
2710,1.1629740685411047,71360.6237816764,0.008749804900889653,17216.374269005846
2711,1.4664673013891059,71360.6237816764,0.0114997435840264,8483.430799220272
2712,2.479194720060648,71360.6237816764,0.00799982162367054,9980.506822612086
2713,2.7581884991861583,71360.6237816764,0.015249659970121966,13972.709551656919
2714,4.000410800686749,71360.6237816764,0.006249860643492609,11477.582846003897
2715,8.736055207473969,71360.6237816764,0.011249749158286696,17465.886939571148
2716,11.065753260942273,71360.6237816764,0.020999531762135166,13224.171539961013
2717,0.21874512252224132,71610.13645224171,0.014499676692902853,12475.633528265107
2718,2.7229392851568597,71610.13645224171,0.021999509465093985,18713.45029239766
2719,3.42467363820821,71610.13645224171,0.00799982162367054,10729.044834307992
2720,3.6726681085419965,71610.13645224171,0.008499810475149949,9481.481481481482
2721,5.206383910455083,71610.13645224171,0.013249704564204332,14721.247563352827
2722,9.243543891725569,71610.13645224171,0.010249771455327879,9730.994152046784
2723,9.437289571673839,71610.13645224171,0.008499810475149949,7734.892787524366
2724,10.935006176280408,71610.13645224171,0.006499855069232313,10729.044834307992
2725,0.9054798100292092,71859.64912280701,0.008749804900889653,13473.684210526315
2726,0.9642285000780397,71859.64912280701,0.008999799326629357,7485.380116959064
2727,2.6334412807420455,71859.64912280701,0.006249860643492609,15469.785575048732
2728,2.920934870342706,71859.64912280701,0.01374969341568374,10978.557504873294
2729,2.969683783361948,71859.64912280701,0.005999866217752905,10479.53216374269
2730,3.0869311690338694,71859.64912280701,0.01374969341568374,18962.962962962964
2731,4.978888983031952,71859.64912280701,0.013499698989944036,9730.994152046784
2732,7.6023304867444095,71859.64912280701,0.006499855069232313,9231.968810916178
2733,8.487310753862962,71859.64912280701,0.009999777029588174,7734.892787524366
2734,8.952550380164553,71859.64912280701,0.00799982162367054,12226.120857699805
2735,4.127657963388259,72109.16179337232,0.00974978260384847,17216.374269005846
2736,4.226655755981182,72109.16179337232,0.0069998439207117225,16467.83625730994
2737,7.02659332426587,72109.16179337232,0.008249816049410243,8233.91812865497
2738,7.172090080046378,72109.16179337232,0.006499855069232313,13972.709551656919
2739,7.621580057526367,72109.16179337232,0.007499832772191131,10479.53216374269
2740,9.549287074405227,72109.16179337232,0.008999799326629357,18962.962962962964
2741,11.146751454881938,72109.16179337232,0.009499788178108766,6736.8421052631575
2742,0.097247831612745,72358.67446393761,0.008249816049410243,8483.430799220272
2743,1.4554675466565588,72358.67446393761,0.007499832772191131,12226.120857699805
2744,1.6729626970501015,72358.67446393761,0.020749537336395462,21208.57699805068
2745,5.505377243639769,72358.67446393761,0.012249726861245513,16218.323586744638
2746,7.570331200249727,72358.67446393761,0.007499832772191131,8233.91812865497
2747,8.259065843162613,72358.67446393761,0.010499765881067583,13723.196881091617
2748,10.191522754130528,72358.67446393761,0.00799982162367054,10230.019493177388
2749,10.412267832058687,72358.67446393761,0.016249637673080783,15220.27290448343
2750,10.451266962474081,72358.67446393761,0.006749849494972018,23454.1910331384
2751,10.475016432919352,72358.67446393761,0.007749827197930835,8982.456140350876
2752,10.809758968984816,72358.67446393761,0.014749671118642557,22456.14035087719
2753,1.3029709469553392,72608.18713450292,0.0052498829405337915,12475.633528265107
2754,2.4324457624473235,72608.18713450292,0.024499453722491026,15968.810916179336
2755,3.8819134428861295,72608.18713450292,0.0069998439207117225,17216.374269005846
2756,4.301904078128833,72608.18713450292,0.005999866217752905,12974.658869395711
2757,4.857141697696716,72608.18713450292,0.007499832772191131,7734.892787524366
2758,5.23413329171219,72608.18713450292,0.006499855069232313,13972.709551656919
2759,7.893823987156905,72608.18713450292,0.009249793752369062,15469.785575048732
2760,9.067797810430557,72608.18713450292,0.0069998439207117225,9231.968810916178
2761,9.533287431157886,72608.18713450292,0.009249793752369062,11727.0955165692
2762,5.074386853664519,72857.69980506822,0.010249771455327879,9231.968810916178
2763,7.033843162612322,72857.69980506822,0.010749760306807287,9730.994152046784
2764,8.082319784164643,72857.69980506822,0.007749827197930835,11976.608187134501
2765,8.404312604517381,72857.69980506822,0.0069998439207117225,17964.912280701752
2766,8.5070603134964,72857.69980506822,0.011749738009766105,10479.53216374269
2767,9.57978639434547,72857.69980506822,0.007749827197930835,14471.734892787523
2768,0.5744871903498406,73107.21247563353,0.010249771455327879,13723.196881091617
2769,2.6419410912171957,73107.21247563353,0.0069998439207117225,8732.943469785574
2770,2.998433142322014,73107.21247563353,0.007499832772191131,9481.481481481482
2771,3.280176860130661,73107.21247563353,0.008249816049410243,9231.968810916178
2772,5.348130749849496,73107.21247563353,0.010999754732546992,7734.892787524366
2773,5.515877009520837,73107.21247563353,0.01374969341568374,16218.323586744638
2774,5.593375281500145,73107.21247563353,0.009499788178108766,12226.120857699805
2775,6.046615175366229,73107.21247563353,0.008999799326629357,14222.22222222222
2776,9.6057858146224,73107.21247563353,0.00974978260384847,12725.146198830409
2777,11.014504403665635,73107.21247563353,0.006249860643492609,9730.994152046784
2778,0.6469855738143548,73356.72514619882,0.012499721286985219,8483.430799220272
2779,1.0372268723940334,73356.72514619882,0.007749827197930835,14222.22222222222
2780,2.8441865816406167,73356.72514619882,0.008499810475149949,12974.658869395711
2781,4.269154808356931,73356.72514619882,0.020749537336395462,11727.0955165692
2782,4.5886476844522734,73356.72514619882,0.007749827197930835,12475.633528265107
2783,6.023615688198176,73356.72514619882,0.010749760306807287,8483.430799220272
2784,6.348858436085532,73356.72514619882,0.007249838346451426,8233.91812865497
2785,6.364608084907133,73356.72514619882,0.007499832772191131,8483.430799220272
2786,6.379357756025776,73356.72514619882,0.01674962652456019,15220.27290448343
2787,9.339541751209616,73356.72514619882,0.01199973243550581,8982.456140350876
2788,0.24899444803674553,73606.23781676413,0.011749738009766105,9730.994152046784
2789,0.32474275903587596,73606.23781676413,0.012249726861245513,10230.019493177388
2790,0.4754893977569177,73606.23781676413,0.009999777029588174,15220.27290448343
2791,2.462445093536088,73606.23781676413,0.011249749158286696,9730.994152046784
2792,4.699395215054962,73606.23781676413,0.009999777029588174,11477.582846003897
2793,5.663123726281523,73606.23781676413,0.01374969341568374,8732.943469785574
2794,8.240566255657875,73606.23781676413,0.010499765881067583,6736.8421052631575
2795,1.1412245535017504,73855.75048732942,0.014749671118642557,11976.608187134501
2796,2.1169527971638167,73855.75048732942,0.01199973243550581,12974.658869395711
2797,3.329175767575643,73855.75048732942,0.006499855069232313,15719.298245614034
2798,8.687306294454727,73855.75048732942,0.008749804900889653,19461.988304093567
2799,0.036499186157996834,74105.26315789473,0.004999888514794087,12725.146198830409
2800,1.7634606791678746,74105.26315789473,0.00974978260384847,7734.892787524366
2801,3.7026674396307615,74105.26315789473,0.012499721286985219,12974.658869395711
2802,6.275610069343799,74105.26315789473,0.008749804900889653,7734.892787524366
2803,1.9319569221164352,74354.77582846003,0.0057498717920132,9980.506822612086
2804,3.0266825124306007,74354.77582846003,0.013249704564204332,24701.754385964912
2805,3.3836745523868985,74354.77582846003,0.008749804900889653,12226.120857699805
2806,3.4884222167718346,74354.77582846003,0.005999866217752905,10729.044834307992
2807,3.6811679190171467,74354.77582846003,0.021499520613614573,13972.709551656919
2808,5.3848799304332315,74354.77582846003,0.005999866217752905,13473.684210526315
2809,5.785620994893978,74354.77582846003,0.007249838346451426,22955.165692007795
2810,7.200089455729225,74354.77582846003,0.0069998439207117225,10729.044834307992
2811,7.403834912707084,74354.77582846003,0.010499765881067583,13972.709551656919
2812,8.410562465160874,74354.77582846003,0.00799982162367054,14222.22222222222
2813,9.72503315570024,74354.77582846003,0.014499676692902853,10230.019493177388
2814,0.1602464268991505,74604.28849902534,0.015249659970121966,21707.602339181285
2815,0.17999598653258714,74604.28849902534,0.0114997435840264,11228.070175438595
2816,0.7597330598229616,74604.28849902534,0.010249771455327879,11228.070175438595
2817,6.245610738255034,74604.28849902534,0.012499721286985219,11477.582846003897
2818,7.017093536087762,74604.28849902534,0.007249838346451426,10729.044834307992
2819,10.483266248968762,74604.28849902534,0.01374969341568374,10729.044834307992
2820,10.880257397043414,74604.28849902534,0.00974978260384847,17465.886939571148
2821,0.25924421949207344,74853.80116959065,0.009999777029588174,13473.684210526315
2822,4.644646435817967,74853.80116959065,0.010999754732546992,7235.867446393761
2823,5.046387477981672,74853.80116959065,0.0057498717920132,11727.0955165692
2824,5.719872460924436,74853.80116959065,0.02574942585118955,9231.968810916178
2825,10.145773774220162,74853.80116959065,0.020999531762135166,24701.754385964912
2826,2.2024508907667952,75103.31384015594,0.008249816049410243,13224.171539961013
2827,3.5594206336819108,75103.31384015594,0.012249726861245513,27695.906432748536
2828,4.517899261967937,75103.31384015594,0.00399991081183527,13723.196881091617
2829,5.8161203148342215,75103.31384015594,0.007499832772191131,14471.734892787523
2830,5.870619099645477,75103.31384015594,0.010499765881067583,11477.582846003897
2831,7.637829695199447,75103.31384015594,0.009499788178108766,12974.658869395711
2832,8.539059599991083,75103.31384015594,0.007249838346451426,15968.810916179336
2833,8.987549599768112,75103.31384015594,0.008749804900889653,16467.83625730994
2834,9.424539855961115,75103.31384015594,0.010499765881067583,13473.684210526315
2835,3.983661174162189,75352.82651072125,0.008249816049410243,13723.196881091617
2836,4.384402238622935,75352.82651072125,0.009249793752369062,20709.551656920077
2837,6.035115431782203,75352.82651072125,0.005999866217752905,14721.247563352827
2838,6.608102655577605,75352.82651072125,0.009999777029588174,8483.430799220272
2839,6.625602265379385,75352.82651072125,0.010499765881067583,19711.50097465887
2840,8.478060960110595,75352.82651072125,0.008499810475149949,8982.456140350876
2841,9.390040625209036,75352.82651072125,0.009249793752369062,8732.943469785574
2842,9.791531672947,75352.82651072125,0.012249726861245513,9980.506822612086
2843,10.246021538941783,75352.82651072125,0.006499855069232313,11228.070175438595
2844,10.428517469731768,75352.82651072125,0.014999665544382262,18214.424951267054
2845,1.637213494169324,75602.33918128654,0.007749827197930835,14721.247563352827
2846,2.195201052420344,75602.33918128654,0.007749827197930835,10978.557504873294
2847,3.004932997391246,75602.33918128654,0.008999799326629357,9730.994152046784
2848,3.532171241276283,75602.33918128654,0.016999620950299898,14721.247563352827
2849,4.285904434881491,75602.33918128654,0.007499832772191131,7984.405458089668
2850,6.009116011505274,75602.33918128654,0.008249816049410243,9730.994152046784
2851,6.315109188610672,75602.33918128654,0.008499810475149949,13972.709551656919
2852,7.221088987491361,75602.33918128654,0.0114997435840264,16966.861598440544
2853,11.036753907556468,75602.33918128654,0.005999866217752905,10729.044834307992
2854,0.8917301166135254,75851.85185185185,0.005999866217752905,11477.582846003897
2855,3.015182768846574,75851.85185185185,0.010999754732546992,12725.146198830409
2856,9.109546879529088,75851.85185185185,0.010999754732546992,7235.867446393761
2857,0.19174572454235325,76101.36452241715,0.011749738009766105,16717.348927875242
2858,1.9984554393631966,76101.36452241715,0.008249816049410243,13224.171539961013
2859,2.3891967267943546,76101.36452241715,0.01199973243550581,10978.557504873294
2860,2.523443733416576,76101.36452241715,0.005999866217752905,12226.120857699805
2861,4.548398581908181,76101.36452241715,0.019249570781957236,27196.88109161793
2862,4.798143013222146,76101.36452241715,0.007249838346451426,18713.45029239766
2863,5.841119757408192,76101.36452241715,0.007499832772191131,9231.968810916178
2864,7.987321902383554,76101.36452241715,0.010999754732546992,11727.0955165692
2865,8.162817989252828,76101.36452241715,0.008499810475149949,13473.684210526315
2866,9.227294254052488,76101.36452241715,0.012499721286985219,16717.348927875242
2867,9.472288791277398,76101.36452241715,0.006749849494972018,11228.070175438595
2868,10.62851301032353,76101.36452241715,0.006499855069232313,13723.196881091617
2869,1.0494765992552788,76350.87719298246,0.007499832772191131,8982.456140350876
2870,2.2924488840330888,76350.87719298246,0.011249749158286696,15719.298245614034
2871,3.059431782202502,76350.87719298246,0.00799982162367054,13224.171539961013
2872,4.178906820664898,76350.87719298246,0.010499765881067583,8982.456140350876
2873,5.364880376374056,76350.87719298246,0.010249771455327879,18713.45029239766
2874,3.1021808290039914,76600.38986354775,0.007499832772191131,14721.247563352827
2875,5.007888336417758,76600.38986354775,0.008249816049410243,8483.430799220272
2876,5.884118798635422,76600.38986354775,0.006249860643492609,11976.608187134501
2877,7.264838011995809,76600.38986354775,0.0042499052375749745,14970.760233918129
2878,7.31383691944079,76600.38986354775,0.009499788178108766,6487.3294346978555
2879,7.597080603803875,76600.38986354775,0.024999442573970437,16467.83625730994
2880,10.085525117616893,76600.38986354775,0.012499721286985219,10978.557504873294
2881,10.13852393587371,76600.38986354775,0.006249860643492609,12725.146198830409
2882,10.743510446163794,76600.38986354775,0.008749804900889653,10978.557504873294
2883,10.927756337933957,76600.38986354775,0.006749849494972018,10230.019493177388
2884,0.08949800441481416,76849.90253411306,0.007499832772191131,10230.019493177388
2885,3.2161782871412967,76849.90253411306,0.0114997435840264,15469.785575048732
2886,3.4514230417623586,76849.90253411306,0.009499788178108766,8233.91812865497
2887,4.475650204017927,76849.90253411306,0.00799982162367054,14970.760233918129
2888,8.150318267965842,76849.90253411306,0.008249816049410243,13473.684210526315
2889,9.154045887310755,76849.90253411306,0.007499832772191131,17216.374269005846
2890,10.777759682490135,76849.90253411306,0.0057498717920132,12226.120857699805
2891,0.3042432161252202,77099.41520467836,0.011249749158286696,7235.867446393761
2892,2.128202546322103,77099.41520467836,0.0172496153760396,16218.323586744638
2893,5.91111819661531,77099.41520467836,0.008749804900889653,9231.968810916178
2894,7.159840353185133,77099.41520467836,0.011749738009766105,8982.456140350876
2895,8.01607126134362,77099.41520467836,0.005499877366273496,15968.810916179336
2896,10.34201939842583,77099.41520467836,0.006249860643492609,12974.658869395711
2897,10.792259359183037,77099.41520467836,0.017499609801779305,22456.14035087719
2898,1.0069775468795292,77348.92787524367,0.0114997435840264,15469.785575048732
2899,1.7029620281388662,77348.92787524367,0.01374969341568374,18713.45029239766
2900,1.7407111864255616,77348.92787524367,0.006749849494972018,9980.506822612086
2901,2.368697183883699,77348.92787524367,0.006749849494972018,10978.557504873294
2902,2.744688800196214,77348.92787524367,0.005999866217752905,14970.760233918129
2903,2.8684360409373677,77348.92787524367,0.010749760306807287,17216.374269005846
2904,3.7801657116100698,77348.92787524367,0.013249704564204332,12226.120857699805
2905,5.832619946933042,77348.92787524367,0.011249749158286696,11477.582846003897
2906,8.319064505340142,77348.92787524367,0.0069998439207117225,12974.658869395711
2907,11.135751700149392,77348.92787524367,0.010249771455327879,25699.80506822612
2908,1.1219749827197931,77598.44054580896,0.01599964324734108,17465.886939571148
2909,3.318426007268836,77598.44054580896,0.008749804900889653,11477.582846003897
2910,6.716350241922897,77598.44054580896,0.008249816049410243,13972.709551656919
2911,6.9083459608909905,77598.44054580896,0.008999799326629357,6736.8421052631575
2912,7.533582019665991,77598.44054580896,0.008999799326629357,16218.323586744638
2913,8.875802091462464,77598.44054580896,0.006499855069232313,12226.120857699805
2914,4.967889228299405,77847.95321637427,0.011249749158286696,16467.83625730994
2915,6.182112154117149,77847.95321637427,0.012249726861245513,23204.678362573097
2916,6.982094316484203,77847.95321637427,0.013249704564204332,15719.298245614034
2917,7.874074427523468,77847.95321637427,0.006249860643492609,13723.196881091617
2918,9.817781087649669,77847.95321637427,0.008999799326629357,12226.120857699805
2919,10.736260607817343,77847.95321637427,0.007749827197930835,9980.506822612086
2920,11.058003433744343,77847.95321637427,0.008499810475149949,13224.171539961013
2921,1.7274614818613572,78097.46588693956,0.008999799326629357,7485.380116959064
2922,4.196656424892417,78097.46588693956,0.011249749158286696,14222.22222222222
2923,4.427651274275904,78097.46588693956,0.005999866217752905,10479.53216374269
2924,4.948389663091708,78097.46588693956,0.009999777029588174,10978.557504873294
2925,6.654101629913711,78097.46588693956,0.007499832772191131,10978.557504873294
2926,9.714533389819172,78097.46588693956,0.009999777029588174,13723.196881091617
2927,10.280520769693862,78097.46588693956,0.016249637673080783,9730.994152046784
2928,10.314270017168722,78097.46588693956,0.007749827197930835,17715.39961013645
2929,10.855757943320922,78097.46588693956,0.008999799326629357,10479.53216374269
2930,1.2462222123124262,78346.97855750487,0.012999710138464626,9730.994152046784
2931,2.7806879975027314,78346.97855750487,0.00799982162367054,9481.481481481482
2932,3.3964242680996235,78346.97855750487,0.013499698989944036,12974.658869395711
2933,7.384335347499388,78346.97855750487,0.010749760306807287,14471.734892787523
2934,9.679784164641353,78346.97855750487,0.008249816049410243,7984.405458089668
2935,10.724760864233318,78346.97855750487,0.011749738009766105,8483.430799220272
2936,1.1947233606100471,78596.49122807017,0.007499832772191131,11477.582846003897
2937,2.5686927244754623,78596.49122807017,0.0069998439207117225,12974.658869395711
2938,3.0734314700439254,78596.49122807017,0.006499855069232313,10230.019493177388
2939,5.42037913888827,78596.49122807017,0.009999777029588174,11228.070175438595
2940,5.614124818836541,78596.49122807017,0.006499855069232313,14721.247563352827
2941,7.814575754197419,78596.49122807017,0.006749849494972018,10729.044834307992
2942,8.621807754910924,78596.49122807017,0.007749827197930835,22955.165692007795
2943,9.508287988583916,78596.49122807017,0.00974978260384847,10978.557504873294
2944,9.66453450467123,78596.49122807017,0.009999777029588174,10978.557504873294
2945,10.403268032732058,78596.49122807017,0.005999866217752905,14721.247563352827
2946,4.876641262904413,78846.00389863548,0.006749849494972018,8732.943469785574
2947,0.48423920265780734,79095.51656920077,0.008499810475149949,10729.044834307992
2948,0.8504810363664742,79095.51656920077,0.009999777029588174,8982.456140350876
2949,0.8602308189703227,79095.51656920077,0.014249682267163149,10230.019493177388
2950,1.0664762202055789,79095.51656920077,0.005499877366273496,11228.070175438595
2951,1.599214341456889,79095.51656920077,0.005499877366273496,14721.247563352827
2952,2.3116984548150463,79095.51656920077,0.007249838346451426,9730.994152046784
2953,4.219155923208991,79095.51656920077,0.00399991081183527,14471.734892787523
2954,4.311403866306941,79095.51656920077,0.011749738009766105,13473.684210526315
2955,6.083364355949966,79095.51656920077,0.010749760306807287,12226.120857699805
2956,10.600263640214944,79095.51656920077,0.010499765881067583,15469.785575048732
2957,0.8982299716827578,79345.02923976608,0.004749894089054383,14471.734892787523
2958,2.5141939396642066,79345.02923976608,0.01199973243550581,12974.658869395711
2959,2.64644099088051,79345.02923976608,0.008249816049410243,13972.709551656919
2960,2.660190684296194,79345.02923976608,0.010999754732546992,12725.146198830409
2961,2.940184441124663,79345.02923976608,0.00799982162367054,12974.658869395711
2962,2.983183482351892,79345.02923976608,0.005999866217752905,17715.39961013645
2963,4.655896184976254,79345.02923976608,0.006749849494972018,12475.633528265107
2964,7.116841311957904,79345.02923976608,0.008999799326629357,10479.53216374269
2965,9.117796695578498,79345.02923976608,0.007249838346451426,8982.456140350876
2966,2.0939533099957637,79594.54191033138,0.01199973243550581,19961.01364522417
2967,2.1449521728466636,79594.54191033138,0.060498651029008456,36179.337231968806
2968,3.857663983589378,79594.54191033138,0.009249793752369062,12725.146198830409
2969,4.66739592856028,79594.54191033138,0.026749403554148368,33684.21052631579
2970,5.689623135409931,79594.54191033138,0.013999687841423445,15719.298245614034
2971,6.284859863096168,79594.54191033138,0.013249704564204332,11727.0955165692
2972,8.110569154273229,79594.54191033138,0.009999777029588174,11727.0955165692
2973,8.89705161765034,79594.54191033138,0.010999754732546992,20210.526315789473
2974,9.887029543579567,79594.54191033138,0.012999710138464626,10978.557504873294
2975,10.38326847867288,79594.54191033138,0.006499855069232313,10978.557504873294
2976,0.7222338959620059,79844.05458089669,0.009499788178108766,13723.196881091617
2977,1.2242227028473323,79844.05458089669,0.007749827197930835,17216.374269005846
2978,1.697212156346853,79844.05458089669,0.0069998439207117225,11477.582846003897
2979,3.726666904501773,79844.05458089669,0.008249816049410243,11228.070175438595
2980,8.613807933287253,79844.05458089669,0.007749827197930835,10479.53216374269
2981,10.828008562063815,79844.05458089669,0.00799982162367054,10978.557504873294
2982,1.660712970188856,80093.56725146198,0.0037499163860955655,14471.734892787523
2983,2.692939954068095,80093.56725146198,0.008249816049410243,9481.481481481482
2984,6.6646013957947785,80093.56725146198,0.005999866217752905,11727.0955165692
2985,7.5755810831902615,80093.56725146198,0.005499877366273496,10230.019493177388
2986,7.805575954870789,80093.56725146198,0.007499832772191131,10230.019493177388
2987,9.900779236995252,80093.56725146198,0.00799982162367054,11727.0955165692
2988,9.99477714107338,80093.56725146198,0.013249704564204332,13972.709551656919
2989,2.901185310709269,80343.07992202729,0.009499788178108766,11976.608187134501
2990,7.273837811322438,80343.07992202729,0.0052498829405337915,18713.45029239766
2991,7.446333965082834,80343.07992202729,0.008499810475149949,8982.456140350876
2992,0.6272360141809182,80592.59259259258,0.01599964324734108,25699.80506822612
2993,3.8926632031929365,80592.59259259258,0.005999866217752905,11976.608187134501
2994,6.492855225311602,80842.1052631579,0.012749715712724922,18713.45029239766
2995,7.323836696470379,80842.1052631579,0.008499810475149949,15220.27290448343
2996,0.1439967892260697,81091.61793372319,0.010749760306807287,14721.247563352827
2997,0.2969933777787688,81091.61793372319,0.005999866217752905,12226.120857699805
2998,2.975433655153961,81091.61793372319,0.004749894089054383,11976.608187134501
2999,10.110524560190864,81091.61793372319,0.012499721286985219,15968.810916179336
3000,0.5004888403308881,81341.1306042885,0.004749894089054383,14471.734892787523
3001,2.303448638765636,81341.1306042885,0.009249793752369062,16218.323586744638
3002,3.2854267430711945,81341.1306042885,0.008999799326629357,11976.608187134501
3003,6.424856741510402,81341.1306042885,0.006249860643492609,13224.171539961013
3004,6.573353430399786,81341.1306042885,0.012749715712724922,20460.038986354775
3005,7.0025938593948585,81341.1306042885,0.00974978260384847,7734.892787524366
3006,7.186089767887802,81341.1306042885,0.006749849494972018,13473.684210526315
3007,8.391062899953177,81341.1306042885,0.012999710138464626,12475.633528265107
3008,10.67926187874869,81341.1306042885,0.009499788178108766,8732.943469785574
3009,0.9619785502463823,81590.64327485379,0.007249838346451426,17715.39961013645
3010,1.502466498695623,81590.64327485379,0.006499855069232313,17964.912280701752
3011,3.1324301545184956,81590.64327485379,0.009499788178108766,12725.146198830409
3012,4.094658699190617,81590.64327485379,0.009999777029588174,14970.760233918129
3013,5.3528806439385495,81590.64327485379,0.013249704564204332,19461.988304093567
3014,5.569125822203394,81590.64327485379,0.020999531762135166,38424.95126705653
3015,6.811348123703985,81590.64327485379,0.012499721286985219,14222.22222222222
3016,7.585580860219849,81590.64327485379,0.0114997435840264,12475.633528265107
3017,8.996799393520481,81590.64327485379,0.00974978260384847,11976.608187134501
3018,10.966005485072131,81590.64327485379,0.007749827197930835,10479.53216374269
3019,0.7782326473276997,81840.1559454191,0.006499855069232313,11228.070175438595
3020,2.0314547035608377,81840.1559454191,0.014499676692902853,26697.855750487328
3021,2.949434234877032,81840.1559454191,0.008999799326629357,13972.709551656919
3022,8.222066668153136,81840.1559454191,0.01949956520769694,17216.374269005846
3023,10.177523066289105,81840.1559454191,0.010999754732546992,11228.070175438595
3024,1.7159617382773307,82089.6686159844,0.01199973243550581,6736.8421052631575
3025,1.977955896452541,82089.6686159844,0.0114997435840264,31688.10916179337
3026,2.251949787063257,82089.6686159844,0.00974978260384847,12475.633528265107
3027,3.064681665143036,82089.6686159844,0.009499788178108766,15719.298245614034
3028,3.6356689335325205,82089.6686159844,0.006499855069232313,12974.658869395711
3029,4.578397912996945,82089.6686159844,0.0057498717920132,11976.608187134501
3030,6.938845280831234,82089.6686159844,0.010749760306807287,10978.557504873294
3031,7.498582800062432,82089.6686159844,0.009499788178108766,11477.582846003897
3032,8.006071484314033,82089.6686159844,0.009999777029588174,7734.892787524366
3033,8.381063122923589,82089.6686159844,0.006499855069232313,12725.146198830409
3034,9.8437805079266,82089.6686159844,0.007249838346451426,11976.608187134501
3035,1.2359724408570985,82339.1812865497,0.009999777029588174,17715.39961013645
3036,2.6869400878503424,82339.1812865497,0.006749849494972018,12475.633528265107
3037,3.798415304689068,82339.1812865497,0.010499765881067583,7485.380116959064
3038,5.09913630181275,82339.1812865497,0.008999799326629357,7984.405458089668
3039,7.480583201409174,82339.1812865497,0.008999799326629357,11976.608187134501
3040,7.548831679636113,82339.1812865497,0.007249838346451426,10729.044834307992
3041,10.873007558696962,82339.1812865497,0.008999799326629357,17465.886939571148
3042,10.95975562442864,82339.1812865497,0.0114997435840264,17715.39961013645
3043,11.04425374032866,82339.1812865497,0.013999687841423445,17715.39961013645
3044,2.432695756873063,82588.693957115,0.008749804900889653,10729.044834307992
3045,2.923934803451582,82588.693957115,0.013249704564204332,18463.937621832356
3046,5.017138130170127,82588.693957115,0.01374969341568374,10978.557504873294
3047,9.480538607326809,82588.693957115,0.00974978260384847,14222.22222222222
3048,3.080681308390377,82838.20662768031,0.009499788178108766,21957.115009746587
3049,3.5916699146023325,82838.20662768031,0.00799982162367054,14222.22222222222
3050,5.312631541394457,82838.20662768031,0.010249771455327879,26448.343079922026
3051,8.649557136168031,82838.20662768031,0.008999799326629357,25949.317738791422
3052,10.326519744029968,82838.20662768031,0.008499810475149949,9481.481481481482
3053,4.444400900800464,83337.23196881091,0.014999665544382262,36428.84990253411
3054,5.44537858146224,83337.23196881091,0.008249816049410243,25949.317738791422
3055,5.53062668063948,83337.23196881091,0.010499765881067583,9730.994152046784
3056,5.72462235501349,83337.23196881091,0.01599964324734108,20210.526315789473
3057,5.941617516555554,83337.23196881091,0.010499765881067583,11228.070175438595
3058,6.322609021382863,83337.23196881091,0.010749760306807287,10230.019493177388
3059,6.729849940912842,83337.23196881091,0.006499855069232313,13723.196881091617
3060,8.928300920867802,83337.23196881091,0.007249838346451426,10230.019493177388
3061,0.22624495529443245,83586.74463937621,0.009999777029588174,25699.80506822612
3062,5.703372828825615,83586.74463937621,0.008249816049410243,15719.298245614034
3063,7.031843207206404,83586.74463937621,0.00799982162367054,15220.27290448343
3064,10.68926165577828,83586.74463937621,0.016499632098820487,12725.146198830409
3065,4.982388904992308,83836.25730994152,0.01199973243550581,11477.582846003897
3066,5.0518873553479455,83836.25730994152,0.006249860643492609,8483.430799220272
3067,5.4153792503734755,83836.25730994152,0.004749894089054383,15968.810916179336
3068,7.286837521460903,83836.25730994152,0.011249749158286696,16966.861598440544
3069,9.095797186113403,83836.25730994152,0.00799982162367054,14970.760233918129
3070,9.406290262882116,83836.25730994152,0.01199973243550581,10230.019493177388
3071,4.223405828446565,84085.76998050681,0.01374969341568374,34183.23586744639
3072,4.246905304466098,84085.76998050681,0.012249726861245513,18713.45029239766
3073,4.453400700127093,84085.76998050681,0.011749738009766105,8233.91812865497
3074,5.675873441994248,84085.76998050681,0.006499855069232313,9730.994152046784
3075,7.6930784632879226,84085.76998050681,0.005999866217752905,17216.374269005846
3076,7.841575152177307,84085.76998050681,0.010499765881067583,11976.608187134501
3077,8.467811188655267,84085.76998050681,0.0069998439207117225,14471.734892787523
3078,0.3377424691743406,84335.28265107212,0.0069998439207117225,13224.171539961013
3079,3.231177952685679,84335.28265107212,0.006499855069232313,18214.424951267054
3080,5.757371624785391,84335.28265107212,0.008999799326629357,11976.608187134501
3081,6.64635180271578,84335.28265107212,0.006249860643492609,8483.430799220272
3082,10.507265713839775,84335.28265107212,0.014249682267163149,13972.709551656919
3083,0.02224950389083369,84584.79532163742,0.008249816049410243,6736.8421052631575
3084,0.7054842694374457,84584.79532163742,0.0057498717920132,12475.633528265107
3085,3.3406755111596693,84584.79532163742,0.006749849494972018,19461.988304093567
3086,4.344653124930322,84584.79532163742,0.008499810475149949,13224.171539961013
3087,8.000321612522018,84584.79532163742,0.011749738009766105,19212.475633528265
3088,9.949278155588754,84584.79532163742,0.005999866217752905,14721.247563352827
3089,10.515265535463445,84584.79532163742,0.021499520613614573,28943.469785575046
3090,0.5432378871323775,84834.30799220272,0.007249838346451426,12974.658869395711
3091,2.1144528529064193,84834.30799220272,0.011749738009766105,13723.196881091617
3092,4.807892795825994,84834.30799220272,0.0069998439207117225,15469.785575048732
3093,5.503877277085331,84834.30799220272,0.008749804900889653,13972.709551656919
3094,5.663873709558742,84834.30799220272,0.009999777029588174,6736.8421052631575
3095,6.466105821757453,84834.30799220272,0.0114997435840264,8483.430799220272
3096,0.05949867332604964,85083.82066276802,0.008249816049410243,12475.633528265107
3097,0.3832414546589668,85083.82066276802,0.009249793752369062,12226.120857699805
3098,1.7762103948805994,85083.82066276802,0.011249749158286696,14222.22222222222
3099,7.555081540279605,85083.82066276802,0.005999866217752905,13723.196881091617
3100,8.099569399540682,85083.82066276802,0.006249860643492609,18214.424951267054
3101,0.9687283997413544,85333.33333333333,0.0057498717920132,14471.734892787523
3102,4.057909518606881,85333.33333333333,0.0069998439207117225,13473.684210526315
3103,9.70878351802716,85333.33333333333,0.007249838346451426,10230.019493177388
3104,2.3721971058440547,85582.84600389864,0.010499765881067583,10729.044834307992
3105,6.297859573234632,85582.84600389864,0.008499810475149949,12974.658869395711
3106,6.5433540993110215,85582.84600389864,0.008499810475149949,16218.323586744638
3107,8.460811344734555,85582.84600389864,0.007249838346451426,10230.019493177388
3108,10.718261009164085,85582.84600389864,0.01374969341568374,8483.430799220272
3109,11.091752681219203,85582.84600389864,0.00974978260384847,16218.323586744638
3110,1.042726749760307,85832.35867446393,0.008999799326629357,12226.120857699805
3111,4.603397355570916,85832.35867446393,0.005999866217752905,8982.456140350876
3112,6.701100581952775,85832.35867446393,0.006749849494972018,9481.481481481482
3113,7.059592588463511,85832.35867446393,0.0114997435840264,9730.994152046784
3114,7.7898263060491875,85832.35867446393,0.009499788178108766,13224.171539961013
3115,9.28504296639836,85832.35867446393,0.008249816049410243,15968.810916179336
3116,4.23615554415929,86081.87134502924,0.007249838346451426,20210.526315789473
3117,4.636146625342818,86081.87134502924,0.005999866217752905,13224.171539961013
3118,7.097841735601686,86081.87134502924,0.00974978260384847,14222.22222222222
3119,7.72057785011929,86081.87134502924,0.005499877366273496,11727.0955165692
3120,8.328564293518252,86081.87134502924,0.010249771455327879,21707.602339181285
3121,10.758760106133916,86081.87134502924,0.010749760306807287,10978.557504873294
3122,10.920506499587505,86081.87134502924,0.008499810475149949,14471.734892787523
3123,1.6122140515953534,86331.38401559454,0.01774960422751901,16717.348927875242
3124,4.083658944458071,86331.38401559454,0.006749849494972018,10230.019493177388
3125,5.069386965149725,86331.38401559454,0.006749849494972018,10978.557504873294
3126,5.480127806640059,86331.38401559454,0.00974978260384847,6986.354775828459
3127,10.16527333942786,86331.38401559454,0.007499832772191131,15719.298245614034
3128,2.5404433543668756,86580.89668615985,0.009249793752369062,17465.886939571148
3129,3.320925951526233,86580.89668615985,0.018999576356217532,15968.810916179336
3130,6.71460028094272,86580.89668615985,0.010499765881067583,21208.57699805068
3131,1.5862146313184242,86830.40935672514,0.006249860643492609,10230.019493177388
3132,3.673418091819216,86830.40935672514,0.00799982162367054,7235.867446393761
3133,3.747166447412429,86830.40935672514,0.008499810475149949,11727.0955165692
3134,4.863641552765948,86830.40935672514,0.01199973243550581,12725.146198830409
3135,5.144885281723115,86830.40935672514,0.005999866217752905,10479.53216374269
3136,7.462333608330175,86830.40935672514,0.005999866217752905,12226.120857699805
3137,7.983321991571719,86830.40935672514,0.009249793752369062,8982.456140350876
3138,0.7147340631898148,87079.92202729045,0.0069998439207117225,16218.323586744638
3139,0.9214794532765502,87079.92202729045,0.00799982162367054,17964.912280701752
3140,3.6829178799973246,87079.92202729045,0.009499788178108766,23204.678362573097
3141,7.430584316261233,87079.92202729045,0.004749894089054383,14222.22222222222
3142,1.7214616156436042,87329.43469785574,0.016249637673080783,21208.57699805068
3143,2.4661950099221834,87329.43469785574,0.006499855069232313,8233.91812865497
3144,2.8796857900956545,87329.43469785574,0.013499698989944036,34432.74853801169
3145,3.7516663470757434,87329.43469785574,0.02399946487101162,25450.292397660818
3146,5.651873977123236,87329.43469785574,0.006499855069232313,10978.557504873294
3147,10.430767419563425,87329.43469785574,0.006749849494972018,15719.298245614034
3148,1.893207786126781,87578.94736842105,0.007499832772191131,7984.405458089668
3149,3.9116627795491543,87578.94736842105,0.008999799326629357,10978.557504873294
3150,3.944662043746795,87578.94736842105,0.009499788178108766,14970.760233918129
3151,5.185384378692948,87578.94736842105,0.013249704564204332,9980.506822612086
3152,7.488333028607104,87578.94736842105,0.007249838346451426,9231.968810916178
3153,9.785281812303507,87578.94736842105,0.006249860643492609,14721.247563352827
3154,2.5989420499899665,87828.46003898635,0.005999866217752905,7734.892787524366
3155,3.400924167762938,87828.46003898635,0.015749648821601375,12974.658869395711
3156,3.5594206336819108,87828.46003898635,0.01674962652456019,21707.602339181285
3157,4.4599005551963256,87828.46003898635,0.00799982162367054,14970.760233918129
3158,4.876391268478673,87828.46003898635,0.02124952618787487,29692.007797270955
3159,7.965822381769939,87828.46003898635,0.006499855069232313,14970.760233918129
3160,11.101502463823051,87828.46003898635,0.009999777029588174,20959.06432748538
3161,0.9294792749002209,88077.97270955166,0.008499810475149949,10479.53216374269
3162,3.350425293763518,88077.97270955166,0.007499832772191131,14721.247563352827
3163,6.137863140761222,88077.97270955166,0.008999799326629357,10479.53216374269
3164,7.2680879395304245,88077.97270955166,0.00799982162367054,13723.196881091617
3165,7.78007652344534,88077.97270955166,0.00799982162367054,15220.27290448343
3166,9.743782737630717,88077.97270955166,0.009499788178108766,14721.247563352827
3167,0.22074507792815895,88327.48538011695,0.0069998439207117225,11727.0955165692
3168,2.7926877299382373,88327.48538011695,0.01199973243550581,17216.374269005846
3169,3.1069307230930456,88327.48538011695,0.0037499163860955655,17715.39961013645
3170,4.513149367878883,88327.48538011695,0.0052498829405337915,15968.810916179336
3171,5.793870810943388,88327.48538011695,0.021999509465093985,29941.520467836257
3172,7.852574906909854,88327.48538011695,0.00974978260384847,11477.582846003897
3173,8.715055675711834,88327.48538011695,0.009499788178108766,11477.582846003897
3174,9.169045552855136,88327.48538011695,0.005999866217752905,9730.994152046784
3175,11.08650279827867,88327.48538011695,0.0052498829405337915,12475.633528265107
3176,1.8572085888202636,88576.99805068226,0.0069998439207117225,9980.506822612086
3177,3.543920979286049,88576.99805068226,0.0172496153760396,20709.551656920077
3178,3.878663515351513,88576.99805068226,0.0057498717920132,13972.709551656919
3179,5.400629579254833,88576.99805068226,0.009999777029588174,9980.506822612086
3180,6.660351490557203,88576.99805068226,0.007249838346451426,10729.044834307992
3181,10.715261076055208,88576.99805068226,0.008499810475149949,10978.557504873294
3182,0.12974710695890657,88826.51072124756,0.008499810475149949,11727.0955165692
3183,0.9099797096925238,88826.51072124756,0.007249838346451426,8483.430799220272
3184,1.6672128252580884,88826.51072124756,0.006749849494972018,10729.044834307992
3185,2.6926899596423555,88826.51072124756,0.006249860643492609,14721.247563352827
3186,3.2021785992998733,88826.51072124756,0.009249793752369062,9481.481481481482
3187,4.211656090436799,88826.51072124756,0.00799982162367054,14222.22222222222
3188,4.693895337688689,88826.51072124756,0.0042499052375749745,16966.861598440544
3189,5.033387767843208,88826.51072124756,0.006749849494972018,27196.88109161793
3190,6.9675946397913,88826.51072124756,0.009999777029588174,20959.06432748538
3191,9.760282369729538,88826.51072124756,0.009999777029588174,16966.861598440544
3192,1.2639718165399452,89076.02339181287,0.006249860643492609,14970.760233918129
3193,2.4721948761399366,89076.02339181287,0.007749827197930835,16467.83625730994
3194,5.057637227139959,89076.02339181287,0.008249816049410243,9730.994152046784
3195,5.169884724297086,89076.02339181287,0.010999754732546992,11727.0955165692
3196,7.294587348658833,89076.02339181287,0.010999754732546992,14721.247563352827
3197,7.335336440054405,89076.02339181287,0.008499810475149949,13972.709551656919
3198,9.55503694619724,89076.02339181287,0.010249771455327879,10729.044834307992
3199,0.251994381145622,89325.53606237816,0.00799982162367054,10230.019493177388
3200,1.1222249771455328,89325.53606237816,0.0052498829405337915,16966.861598440544
3201,2.8551863363731633,89325.53606237816,0.008249816049410243,7734.892787524366
3202,3.092931035251622,89325.53606237816,0.013999687841423445,30191.03313840156
3203,4.43115119623626,89325.53606237816,0.009499788178108766,7984.405458089668
3204,5.559126045173806,89325.53606237816,0.008999799326629357,15220.27290448343
3205,9.688783963967982,89325.53606237816,0.006749849494972018,12725.146198830409
3206,10.606513500858437,89325.53606237816,0.01199973243550581,9980.506822612086
3207,0.28899355615509825,89575.04873294347,0.014249682267163149,16717.348927875242
3208,3.976161341389998,89575.04873294347,0.013499698989944036,21957.115009746587
3209,6.160862627929275,89575.04873294347,0.010999754732546992,12974.658869395711
3210,6.253360565452965,89575.04873294347,0.007749827197930835,11976.608187134501
3211,6.695600704586502,89575.04873294347,0.004749894089054383,15968.810916179336
3212,8.500310464001428,89575.04873294347,0.0052498829405337915,14471.734892787523
3213,9.523787642979777,89575.04873294347,0.007249838346451426,21458.089668615983
3214,2.260949586389886,89824.56140350876,0.009499788178108766,7485.380116959064
3215,3.962661642400054,89824.56140350876,0.005999866217752905,9980.506822612086
3216,4.467400387968517,89824.56140350876,0.00974978260384847,19461.988304093567
3217,6.239860866463021,89824.56140350876,0.022499498316573392,26697.855750487328
3218,6.831097683337422,89824.56140350876,0.012249726861245513,19212.475633528265
3219,7.232838725501127,89824.56140350876,0.008749804900889653,11228.070175438595
3220,7.631579834555955,89824.56140350876,0.008249816049410243,15469.785575048732
3221,7.638579678476667,89824.56140350876,0.0057498717920132,9980.506822612086
3222,10.583014024838905,89824.56140350876,0.00974978260384847,12226.120857699805
3223,0.36049196191665367,90074.07407407407,0.004999888514794087,10978.557504873294
3224,2.4086962920020514,90074.07407407407,0.008749804900889653,9481.481481481482
3225,2.9186849205110486,90074.07407407407,0.0052498829405337915,15469.785575048732
3226,3.2469276015072803,90074.07407407407,0.006499855069232313,8732.943469785574
3227,3.811165020401793,90074.07407407407,0.014749671118642557,20460.038986354775
3228,4.336403308880912,90074.07407407407,0.008249816049410243,12475.633528265107
3229,4.65139628531294,90074.07407407407,0.01599964324734108,21458.089668615983
3230,5.46312818568976,90074.07407407407,0.009249793752369062,14721.247563352827
3231,6.893346295346608,90074.07407407407,0.008499810475149949,17715.39961013645
3232,8.201317130816742,90074.07407407407,0.0069998439207117225,12974.658869395711
3233,8.547309416040491,90074.07407407407,0.01374969341568374,8982.456140350876
3234,11.021754242012086,90074.07407407407,0.004749894089054383,11976.608187134501
3235,0.3654918504314478,90323.58674463937,0.0069998439207117225,12974.658869395711
3236,3.453422997168276,90323.58674463937,0.007499832772191131,16966.861598440544
3237,3.773915850966577,90323.58674463937,0.014499676692902853,14970.760233918129
3238,3.9556617984793423,90323.58674463937,0.005999866217752905,10479.53216374269
3239,8.432061985774489,90323.58674463937,0.009249793752369062,8732.943469785574
3240,9.85853017904524,90323.58674463937,0.007249838346451426,11976.608187134501
3241,10.28152074739682,90323.58674463937,0.010249771455327879,13473.684210526315
3242,0.4224905795001004,90573.09941520468,0.008499810475149949,12725.146198830409
3243,0.9797281544739014,90573.09941520468,0.00799982162367054,10729.044834307992
3244,1.760460746058998,90573.09941520468,0.014999665544382262,14721.247563352827
3245,1.9174572454235324,90573.09941520468,0.010999754732546992,23454.1910331384
3246,2.064953956609958,90573.09941520468,0.00799982162367054,19711.50097465887
3247,5.047637450110371,90573.09941520468,0.0069998439207117225,11477.582846003897
3248,5.8646192334277245,90573.09941520468,0.011249749158286696,8483.430799220272
3249,6.466605810608932,90573.09941520468,0.013999687841423445,11976.608187134501
3250,8.955550313273429,90573.09941520468,0.006499855069232313,8483.430799220272
3251,9.645534928315014,90573.09941520468,0.009499788178108766,15719.298245614034
3252,9.999527035162435,90573.09941520468,0.005999866217752905,10479.53216374269
3253,10.553014693750141,90573.09941520468,0.0057498717920132,9730.994152046784
3254,10.747010368124151,90573.09941520468,0.0057498717920132,10978.557504873294
3255,10.95050583067627,90573.09941520468,0.009499788178108766,12475.633528265107
3256,11.037003901982208,90573.09941520468,0.012999710138464626,13473.684210526315
3257,2.895185444491516,90822.61208576997,0.0114997435840264,16218.323586744638
3258,3.360175076367366,90822.61208576997,0.011249749158286696,13224.171539961013
3259,3.8681637494704457,90822.61208576997,0.007499832772191131,9481.481481481482
3260,6.845597360030324,90822.61208576997,0.008249816049410243,11976.608187134501
3261,8.916301188432296,90822.61208576997,0.008249816049410243,9980.506822612086
3262,9.051298178331736,90822.61208576997,0.00399991081183527,13224.171539961013
3263,9.815031148966533,90822.61208576997,0.0069998439207117225,17715.39961013645
3264,9.984777364043792,90822.61208576997,0.007749827197930835,13473.684210526315
3265,0.17499609801779306,91072.12475633528,0.010499765881067583,17465.886939571148
3266,0.44324011683649583,91072.12475633528,0.010499765881067583,20460.038986354775
3267,0.49048906330129993,91072.12475633528,0.006499855069232313,11228.070175438595
3268,0.6754849383486812,91072.12475633528,0.009499788178108766,10729.044834307992
3269,1.9419566991460235,91072.12475633528,0.009499788178108766,16467.83625730994
3270,3.0631816985885973,91072.12475633528,0.006749849494972018,13473.684210526315
3271,3.1204304220829897,91072.12475633528,0.009249793752369062,11727.0955165692
3272,3.488172222346095,91072.12475633528,0.008749804900889653,14721.247563352827
3273,3.9919109902115992,91072.12475633528,0.010499765881067583,20210.526315789473
3274,4.558648353363509,91072.12475633528,0.008749804900889653,12475.633528265107
3275,4.736144395638699,91072.12475633528,0.006249860643492609,15719.298245614034
3276,4.825892394479253,91072.12475633528,0.011749738009766105,11727.0955165692
3277,7.246088430065331,91072.12475633528,0.010999754732546992,7485.380116959064
3278,9.075047648777009,91072.12475633528,0.0069998439207117225,11727.0955165692
3279,9.341791701041272,91072.12475633528,0.005999866217752905,15968.810916179336
3280,9.577536444513814,91072.12475633528,0.007249838346451426,7235.867446393761
3281,0.37399166090659774,91321.63742690058,0.006499855069232313,16218.323586744638
3282,3.219178220250173,91321.63742690058,0.010999754732546992,10479.53216374269
3283,3.6346689558295617,91321.63742690058,0.005999866217752905,14970.760233918129
3284,3.7176671051751438,91321.63742690058,0.006749849494972018,13224.171539961013
3285,4.8528917924591415,91321.63742690058,0.007249838346451426,10230.019493177388
3286,4.948889651943188,91321.63742690058,0.005499877366273496,10230.019493177388
3287,5.273132422127584,91321.63742690058,0.008249816049410243,10978.557504873294
3288,9.219294432428818,91321.63742690058,0.0057498717920132,12475.633528265107
3289,9.425789828089814,91321.63742690058,0.00799982162367054,13473.684210526315
3290,3.1766791678744233,91571.15009746588,0.007499832772191131,11727.0955165692
3291,10.200522553457157,91571.15009746588,0.004999888514794087,11976.608187134501
3292,1.284471359450601,91820.66276803118,0.04174906909853063,33684.21052631579
3293,4.0019107672411875,91820.66276803118,0.006249860643492609,23204.678362573097
3294,4.198656380298335,91820.66276803118,0.008499810475149949,15968.810916179336
3295,4.841892037726594,91820.66276803118,0.007749827197930835,9231.968810916178
3296,5.430378915917858,91820.66276803118,0.00799982162367054,13972.709551656919
3297,5.472627973867868,91820.66276803118,0.007499832772191131,11727.0955165692
3298,6.040615309148476,91820.66276803118,0.0069998439207117225,8732.943469785574
3299,10.411767843207206,91820.66276803118,0.009999777029588174,11477.582846003897
3300,10.859257865281277,91820.66276803118,0.009499788178108766,12226.120857699805
3301,0.7597330598229616,92070.17543859649,0.007749827197930835,8732.943469785574
3302,0.9964777809984616,92070.17543859649,0.008499810475149949,13723.196881091617
3303,1.4504676581417646,92070.17543859649,0.00974978260384847,11727.0955165692
3304,6.395857388124596,92070.17543859649,0.009999777029588174,11976.608187134501
3305,7.885324176681755,92070.17543859649,0.006249860643492609,9231.968810916178
3306,0.8524809917723919,92319.68810916178,0.016249637673080783,24701.754385964912
3307,1.1387246092443533,92319.68810916178,0.012999710138464626,15220.27290448343
3308,1.841708934424402,92319.68810916178,0.008999799326629357,12226.120857699805
3309,3.5766702490579503,92319.68810916178,0.0057498717920132,11976.608187134501
3310,4.153157394813708,92319.68810916178,0.0042499052375749745,14721.247563352827
3311,5.091136480189079,92319.68810916178,0.014249682267163149,25450.292397660818
3312,5.106636134584941,92319.68810916178,0.010499765881067583,16467.83625730994
3313,6.478105554192959,92319.68810916178,0.01549965439586167,23454.1910331384
3314,6.852597203951036,92319.68810916178,0.007499832772191131,12974.658869395711
3315,7.806825926999488,92319.68810916178,0.008499810475149949,14721.247563352827
3316,9.132046377845661,92319.68810916178,0.012749715712724922,15469.785575048732
3317,9.332291912863164,92319.68810916178,0.010499765881067583,17216.374269005846
3318,0.8809803563067181,92569.20077972709,0.006749849494972018,25699.80506822612
3319,1.3402201163905552,92569.20077972709,0.007749827197930835,10479.53216374269
3320,3.0699315480835696,92569.20077972709,0.021499520613614573,23703.7037037037
3321,4.7238946687774535,92569.20077972709,0.007249838346451426,12475.633528265107
3322,10.488766126335037,92569.20077972709,0.005999866217752905,10729.044834307992
3323,2.513193961961248,92818.71345029239,0.014499676692902853,21208.57699805068
3324,5.296881892572856,92818.71345029239,0.007499832772191131,10479.53216374269
3325,6.655351602042409,92818.71345029239,0.007249838346451426,10230.019493177388
3326,6.872096769158733,92818.71345029239,0.006499855069232313,9481.481481481482
3327,8.799303797186115,92818.71345029239,0.005999866217752905,11477.582846003897
3328,1.0539764989185936,93068.2261208577,0.004999888514794087,11727.0955165692
3329,1.9509564984726528,93068.2261208577,0.0057498717920132,11228.070175438595
3330,2.43519570113046,93068.2261208577,0.00974978260384847,9481.481481481482
3331,4.2876543958616695,93068.2261208577,0.006249860643492609,15220.27290448343
3332,4.355902874088609,93068.2261208577,0.011249749158286696,12226.120857699805
3333,5.328131195790319,93068.2261208577,0.011749738009766105,16218.323586744638
3334,8.053320430778836,93068.2261208577,0.0057498717920132,8483.430799220272
3335,1.4642173515574484,93317.73879142299,0.0052498829405337915,12725.146198830409
3336,3.1869289393297513,93317.73879142299,0.008999799326629357,10479.53216374269
3337,3.932912305737029,93567.2514619883,0.010749760306807287,16218.323586744638
3338,7.006093781355215,93567.2514619883,0.00799982162367054,9730.994152046784
3339,7.980072064037103,93567.2514619883,0.005999866217752905,10230.019493177388
3340,8.824053245334344,93567.2514619883,0.008249816049410243,12725.146198830409
3341,1.0689761644629758,93816.7641325536,0.00799982162367054,10479.53216374269
3342,2.5321935383174656,93816.7641325536,0.00399991081183527,11228.070175438595
3343,3.6754180472251337,93816.7641325536,0.010749760306807287,7734.892787524366
3344,5.715122566835381,93816.7641325536,0.007249838346451426,15469.785575048732
3345,8.105569265758435,93816.7641325536,0.0057498717920132,11228.070175438595
3346,8.924551004481707,93816.7641325536,0.010999754732546992,14222.22222222222
3347,0.23374478806662358,94066.2768031189,0.008249816049410243,8732.943469785574
3348,5.624374590291868,94066.2768031189,0.004749894089054383,12725.146198830409
3349,5.6911231019643695,94066.2768031189,0.004999888514794087,13723.196881091617
3350,6.076864500880734,94066.2768031189,0.004499899663314678,12974.658869395711
3351,8.263815737251667,94066.2768031189,0.012749715712724922,12475.633528265107
3352,8.983049700104797,94066.2768031189,0.007499832772191131,17715.39961013645
3353,0.5502377310530893,94315.7894736842,0.006749849494972018,8982.456140350876
3354,1.7414611697027806,94315.7894736842,0.0069998439207117225,12226.120857699805
3355,3.7101672724029524,94315.7894736842,0.0069998439207117225,8483.430799220272
3356,4.122658074873464,94315.7894736842,0.008499810475149949,11228.070175438595
3357,6.407857120560102,94315.7894736842,0.004999888514794087,11976.608187134501
3358,9.22479430979509,94315.7894736842,0.008999799326629357,13473.684210526315
3359,0.48323922495484856,94565.30214424951,0.008749804900889653,10230.019493177388
3360,1.005477580325091,94565.30214424951,0.007499832772191131,17715.39961013645
3361,4.799892974202324,94565.30214424951,0.00399991081183527,14970.760233918129
3362,6.539104194073447,94565.30214424951,0.005999866217752905,16467.83625730994
3363,8.574808802871859,94565.30214424951,0.004499899663314678,14471.734892787523
3364,10.782009587727709,94565.30214424951,0.007499832772191131,13473.684210526315
3365,0.03624919173225713,94814.8148148148,0.00799982162367054,10230.019493177388
3366,2.4839446141497024,94814.8148148148,0.010999754732546992,12475.633528265107
3367,5.379380053066958,94814.8148148148,0.0052498829405337915,13224.171539961013
3368,9.364291199357845,94814.8148148148,0.004999888514794087,15469.785575048732
3369,0.7484833106646749,95064.32748538011,0.005999866217752905,15968.810916179336
3370,1.7982099043456934,95064.32748538011,0.007499832772191131,18962.962962962964
3371,5.233383308434971,95064.32748538011,0.008999799326629357,5988.304093567251
3372,6.710350375705144,95064.32748538011,0.00399991081183527,12725.146198830409
3373,7.059842582889251,95064.32748538011,0.006499855069232313,12475.633528265107
3374,10.098524827755357,95064.32748538011,0.00799982162367054,8732.943469785574
3375,0.024249459296751322,95313.8401559454,0.006249860643492609,18713.45029239766
3376,1.7947099823853376,95313.8401559454,0.0034999219603558613,14222.22222222222
3377,3.5401710628999536,95313.8401559454,0.007249838346451426,11477.582846003897
3378,5.934367678209102,95313.8401559454,0.008749804900889653,16467.83625730994
3379,7.502082722022788,95313.8401559454,0.01199973243550581,15968.810916179336
3380,8.339314053825058,95313.8401559454,0.007249838346451426,20709.551656920077
3381,10.977505228656158,95313.8401559454,0.010999754732546992,14721.247563352827
3382,0.4087408860844166,95563.35282651072,0.006499855069232313,13972.709551656919
3383,1.5509654172891258,95563.35282651072,0.008999799326629357,9980.506822612086
3384,5.53862650226315,95563.35282651072,0.008499810475149949,15968.810916179336
3385,5.753371713973556,95563.35282651072,0.012749715712724922,18713.45029239766
3386,1.9679561194229527,95812.86549707601,0.00974978260384847,20959.06432748538
3387,2.600942005395884,95812.86549707601,0.008249816049410243,10729.044834307992
3388,8.028070993779126,95812.86549707601,0.006749849494972018,9231.968810916178
3389,8.397812749448148,95812.86549707601,0.010749760306807287,10978.557504873294
3390,9.718533300631007,95812.86549707601,0.005999866217752905,15968.810916179336
3391,10.24852148319918,95812.86549707601,0.006749849494972018,7485.380116959064
3392,0.13874690628553593,96062.37816764132,0.006499855069232313,10230.019493177388
3393,3.2651771945862786,96062.37816764132,0.007499832772191131,21458.089668615983
3394,7.479333229280475,96062.37816764132,0.007499832772191131,13473.684210526315
3395,8.834803005641152,96062.37816764132,0.008499810475149949,9231.968810916178
3396,1.9529564538785704,96311.89083820663,0.01549965439586167,27446.393762183234
3397,2.6669405337911662,96311.89083820663,0.006499855069232313,14970.760233918129
3398,5.223133536979643,96311.89083820663,0.005499877366273496,13224.171539961013
3399,7.65257936631809,96311.89083820663,0.007249838346451426,9730.994152046784
3400,9.47003884144574,96311.89083820663,0.006249860643492609,10729.044834307992
3401,0.1607464157506299,96561.40350877192,0.0114997435840264,17715.39961013645
3402,4.76939365426208,96561.40350877192,0.008499810475149949,7984.405458089668
3403,5.339630939374345,96561.40350877192,0.008749804900889653,13972.709551656919
3404,7.615580191308614,96561.40350877192,0.006749849494972018,13723.196881091617
3405,7.680578742000937,96561.40350877192,0.010249771455327879,10978.557504873294
3406,1.704711989119044,96810.91617933723,0.006249860643492609,13473.684210526315
3407,3.027932484559299,96810.91617933723,0.006499855069232313,23204.678362573097
3408,4.907140582844657,96810.91617933723,0.005499877366273496,13473.684210526315
3409,5.501877321679413,96810.91617933723,0.005499877366273496,15719.298245614034
3410,6.781098798189481,96810.91617933723,0.01374969341568374,18214.424951267054
3411,7.02734330754309,96810.91617933723,0.008249816049410243,13473.684210526315
3412,10.526265290195992,96810.91617933723,0.008999799326629357,9231.968810916178
3413,0.4004910700350064,97060.42884990253,0.007249838346451426,8732.943469785574
3414,0.530238176993913,97060.42884990253,0.006249860643492609,15220.27290448343
3415,5.456628330620527,97060.42884990253,0.004999888514794087,11228.070175438595
3416,8.62655764899998,97060.42884990253,0.010249771455327879,18713.45029239766
3417,8.851552632165712,97060.42884990253,0.008749804900889653,26198.830409356724
3418,9.02279881379741,97060.42884990253,0.0069998439207117225,11727.0955165692
3419,10.360018997079088,97060.42884990253,0.01199973243550581,9980.506822612086
3420,0.5712372628152245,97309.94152046784,0.008749804900889653,7734.892787524366
3421,1.353719815380499,97309.94152046784,0.0114997435840264,10978.557504873294
3422,5.156135030881402,97309.94152046784,0.0052498829405337915,15220.27290448343
3423,5.8161203148342215,97309.94152046784,0.0069998439207117225,25200.779727095516
3424,5.861119311467369,97309.94152046784,0.007249838346451426,12475.633528265107
3425,5.905368324823296,97309.94152046784,0.005999866217752905,11727.0955165692
3426,6.925845570692769,97309.94152046784,0.006749849494972018,18713.45029239766
3427,6.387607572075186,97559.45419103313,0.0057498717920132,10479.53216374269
3428,6.957344868335972,97559.45419103313,0.005999866217752905,12974.658869395711
3429,7.357085955093759,97559.45419103313,0.009249793752369062,11727.0955165692
3430,8.155068162054896,97559.45419103313,0.007499832772191131,17964.912280701752
3431,0.8777304287721021,97808.96686159844,0.0032499275346161566,13723.196881091617
3432,1.2122229704118264,97808.96686159844,0.0057498717920132,12725.146198830409
3433,4.897640794666549,97808.96686159844,0.010749760306807287,18214.424951267054
3434,10.707511248857278,97808.96686159844,0.008749804900889653,7984.405458089668
3435,3.0046830029655065,98058.47953216374,0.007249838346451426,11228.070175438595
3436,9.181295279716382,98058.47953216374,0.007249838346451426,12725.146198830409
3437,0.015249659970121966,98307.99220272904,0.0037499163860955655,13972.709551656919
3438,1.1322247541751211,98307.99220272904,0.006249860643492609,9481.481481481482
3439,7.518082365270129,98307.99220272904,0.0057498717920132,11727.0955165692
3440,9.38704069210016,98307.99220272904,0.0069998439207117225,14970.760233918129
3441,9.946278222479878,98307.99220272904,0.01949956520769694,15968.810916179336
3442,2.476944770228991,98557.50487329434,0.009249793752369062,25699.80506822612
3443,6.493355214163081,98557.50487329434,0.0042499052375749745,14721.247563352827
3444,4.865891502597606,98807.01754385965,0.007249838346451426,8233.91812865497
3445,5.548376284866999,98807.01754385965,0.008249816049410243,15719.298245614034
3446,7.1328409552052445,98807.01754385965,0.00974978260384847,15968.810916179336
3447,8.683306383642892,98807.01754385965,0.004749894089054383,14471.734892787523
3448,10.271020981515754,98807.01754385965,0.008749804900889653,11228.070175438595
3449,0.9464788958505207,99056.53021442494,0.009999777029588174,8483.430799220272
3450,5.321631340721087,99056.53021442494,0.009499788178108766,16966.861598440544
3451,9.88577957145087,99056.53021442494,0.010749760306807287,10978.557504873294
3452,10.288270596891794,99056.53021442494,0.007499832772191131,17964.912280701752
3453,0.32199282035273924,99306.04288499025,0.00399991081183527,12974.658869395711
3454,2.6539408236527016,99306.04288499025,0.005999866217752905,7485.380116959064
3455,3.5899199536221547,99306.04288499025,0.0057498717920132,10978.557504873294
3456,6.330358848580794,99306.04288499025,0.007749827197930835,10479.53216374269
3457,9.205794733438873,99306.04288499025,0.010999754732546992,17216.374269005846
3458,0.1562465160873152,99555.55555555555,0.0052498829405337915,12475.633528265107
3459,1.39521889005329,99555.55555555555,0.0052498829405337915,20959.06432748538
3460,5.91961800709046,99805.06822612086,0.006499855069232313,8483.430799220272
3461,10.667262146313185,99805.06822612086,0.007249838346451426,10978.557504873294
3462,0.9684784053156147,100054.58089668615,0.009249793752369062,19961.01364522417
3463,2.0847035162433944,100054.58089668615,0.00974978260384847,10978.557504873294
3464,2.2439499654395862,100054.58089668615,0.005999866217752905,10479.53216374269
3465,2.4034464090615177,100054.58089668615,0.004999888514794087,10729.044834307992
3466,2.631441325336128,100054.58089668615,0.0042499052375749745,14471.734892787523
3467,4.435401101473834,100054.58089668615,0.008999799326629357,24202.72904483431
3468,5.725372338290709,100054.58089668615,0.005499877366273496,11477.582846003897
3469,5.772121295904034,100054.58089668615,0.009999777029588174,17465.886939571148
3470,5.837119846596357,100054.58089668615,0.005999866217752905,11976.608187134501
3471,9.560786817989253,100054.58089668615,0.005999866217752905,13723.196881091617
3472,10.86550772592477,100054.58089668615,0.013249704564204332,14471.734892787523
3473,0.8704805904256506,100304.09356725146,0.006749849494972018,10978.557504873294
3474,3.6231692122455352,100304.09356725146,0.007499832772191131,13473.684210526315
3475,6.751849450377935,100304.09356725146,0.010249771455327879,9231.968810916178
3476,8.170817810876498,100304.09356725146,0.007499832772191131,14471.734892787523
3477,10.263771143169302,100304.09356725146,0.005499877366273496,15968.810916179336
3478,10.45051697919686,100304.09356725146,0.004499899663314678,12725.146198830409
3479,10.458766795246271,100304.09356725146,0.010249771455327879,14970.760233918129
3480,10.50126584762202,100304.09356725146,0.007499832772191131,10729.044834307992
3481,2.5581929585943946,100553.60623781676,0.008249816049410243,16717.348927875242
3482,3.33192570625878,100553.60623781676,0.008999799326629357,16467.83625730994
3483,5.140135387634062,100553.60623781676,0.01374969341568374,12974.658869395711
3484,5.354880599344467,100553.60623781676,0.0042499052375749745,14721.247563352827
3485,8.237316328123258,100553.60623781676,0.008999799326629357,9231.968810916178
3486,0.8054820397333274,100803.11890838206,0.005999866217752905,12725.146198830409
3487,4.360902762603403,100803.11890838206,0.007249838346451426,11228.070175438595
3488,6.625352270953645,100803.11890838206,0.008749804900889653,9730.994152046784
3489,1.404468683805659,101052.63157894736,0.012249726861245513,12974.658869395711
3490,3.347925349506121,101052.63157894736,0.008999799326629357,22456.14035087719
3491,4.747394144796986,101052.63157894736,0.006249860643492609,12725.146198830409
3492,9.101547057905417,101052.63157894736,0.009999777029588174,23454.1910331384
3493,9.904029164529868,101052.63157894736,0.004499899663314678,12974.658869395711
3494,10.46801658899864,101052.63157894736,0.01599964324734108,12974.658869395711
3495,1.3282203839550493,101302.14424951267,0.00399991081183527,11228.070175438595
3496,3.7971653325603696,101302.14424951267,0.006499855069232313,11727.0955165692
3497,2.98493344333207,101551.65692007796,0.008499810475149949,9730.994152046784
3498,5.050137394367768,101551.65692007796,0.006749849494972018,12974.658869395711
3499,6.817347989921738,101551.65692007796,0.00974978260384847,17465.886939571148
3500,9.610035719859976,101551.65692007796,0.008499810475149949,11228.070175438595
3501,9.711783451136036,101551.65692007796,0.005499877366273496,11727.0955165692
3502,10.44401712412763,101551.65692007796,0.007499832772191131,9730.994152046784
3503,2.776938081116636,101801.16959064327,0.0052498829405337915,19711.50097465887
3504,2.8909355392539413,101801.16959064327,0.007749827197930835,11477.582846003897
3505,7.780576512296819,101801.16959064327,0.007249838346451426,9980.506822612086
3506,0.6747349550714621,102050.68226120857,0.006249860643492609,11228.070175438595
3507,1.769960534237107,102050.68226120857,0.00799982162367054,11976.608187134501
3508,4.554148453700194,102050.68226120857,0.007499832772191131,13473.684210526315
3509,9.189795090191533,102050.68226120857,0.008749804900889653,12475.633528265107
3510,9.367541126892462,102050.68226120857,0.00799982162367054,17964.912280701752
3511,2.3124484380922654,102300.19493177388,0.006749849494972018,15968.810916179336
3512,4.976389038774555,102300.19493177388,0.006499855069232313,8982.456140350876
3513,6.456856028005085,102300.19493177388,0.006749849494972018,11976.608187134501
3514,7.550331646190551,102300.19493177388,0.008749804900889653,10230.019493177388
3515,5.698372940310821,102549.70760233917,0.008999799326629357,10230.019493177388
3516,7.319336796807065,102549.70760233917,0.007249838346451426,10978.557504873294
3517,9.534537403286585,102549.70760233917,0.006249860643492609,13972.709551656919
3518,4.221405873040648,102799.22027290448,0.006749849494972018,22955.165692007795
3519,7.343086267252336,102799.22027290448,0.009999777029588174,6986.354775828459
3520,0.5484877700729114,103048.73294346977,0.007499832772191131,13473.684210526315
3521,2.838686704274343,103048.73294346977,0.007749827197930835,10479.53216374269
3522,2.8571862917790813,103048.73294346977,0.009249793752369062,19212.475633528265
3523,4.390902093692167,103048.73294346977,0.0069998439207117225,13224.171539961013
3524,9.494288300742491,103048.73294346977,0.013249704564204332,19711.50097465887
3525,9.688283975116503,103048.73294346977,0.00799982162367054,11228.070175438595
3526,10.013026734152378,103048.73294346977,0.008249816049410243,19711.50097465887
3527,0.1034976922562376,103298.24561403508,0.009249793752369062,12475.633528265107
3528,2.446445450288747,103298.24561403508,0.009249793752369062,9730.994152046784
3529,4.5466486209280035,103298.24561403508,0.008999799326629357,18463.937621832356
3530,5.128885638475775,103298.24561403508,0.007749827197930835,11228.070175438595
3531,6.9210956766037155,103298.24561403508,0.0057498717920132,14471.734892787523
3532,9.252293696626458,103298.24561403508,0.006249860643492609,12974.658869395711
3533,10.597263707106068,103298.24561403508,0.00399991081183527,13224.171539961013
3534,10.94975584739905,103298.24561403508,0.008249816049410243,10230.019493177388
3535,0.6197361814087271,103547.75828460038,0.008249816049410243,10978.557504873294
3536,2.248699859528641,103547.75828460038,0.007749827197930835,12226.120857699805
3537,1.263221833262726,103797.27095516569,0.007499832772191131,18463.937621832356
3538,10.083775156636715,103797.27095516569,0.007499832772191131,17216.374269005846
3539,10.309270128653928,103797.27095516569,0.008249816049410243,13723.196881091617
3540,10.99275488862628,103797.27095516569,0.0057498717920132,14721.247563352827
3541,0.4909890521527794,104046.78362573098,0.006249860643492609,12226.120857699805
3542,1.8364590514838681,104046.78362573098,0.008749804900889653,14471.734892787523
3543,4.494399785948405,104296.29629629629,0.007749827197930835,14471.734892787523
3544,3.0081829249258627,104545.80896686159,0.005999866217752905,12226.120857699805
3545,4.7213947245200565,104545.80896686159,0.0042499052375749745,13224.171539961013
3546,10.213772258021361,104545.80896686159,0.00974978260384847,9481.481481481482
3547,2.7556885549287613,104795.3216374269,0.009499788178108766,18463.937621832356
3548,7.048092844879485,104795.3216374269,0.004749894089054383,13972.709551656919
3549,3.1511797364489733,105044.83430799219,0.0069998439207117225,13972.709551656919
3550,9.353041450199559,105044.83430799219,0.010999754732546992,11976.608187134501
3551,10.903006889785726,105044.83430799219,0.006249860643492609,10479.53216374269
3552,4.1689070436353095,105294.3469785575,0.007749827197930835,14970.760233918129
3553,5.677623402974426,105294.3469785575,0.008249816049410243,11228.070175438595
3554,9.108796896251867,105294.3469785575,0.0069998439207117225,11727.0955165692
3555,3.023932573747464,105543.8596491228,0.006249860643492609,10978.557504873294
3556,3.9851611407166274,105543.8596491228,0.009499788178108766,10230.019493177388
3557,4.252655176258111,105543.8596491228,0.004999888514794087,14970.760233918129
3558,6.618852415884413,105543.8596491228,0.0052498829405337915,16218.323586744638
3559,8.12606880866909,105543.8596491228,0.006249860643492609,17216.374269005846
3560,2.2379500992218335,105793.3723196881,0.0057498717920132,13972.709551656919
3561,3.3584251153871882,105793.3723196881,0.007499832772191131,8982.456140350876
3562,3.711417244531651,105793.3723196881,0.006499855069232313,16467.83625730994
3563,4.878641218310331,105793.3723196881,0.008249816049410243,11477.582846003897
3564,9.510787932841312,105793.3723196881,0.0069998439207117225,9730.994152046784
3565,5.874369016031573,106042.8849902534,0.0037499163860955655,13723.196881091617
3566,8.099319405114942,106042.8849902534,0.0057498717920132,15220.27290448343
3567,0.068498472652679,106292.39766081871,0.007749827197930835,10978.557504873294
3568,2.5119439898325493,106292.39766081871,0.0034999219603558613,13224.171539961013
3569,5.273132422127584,106292.39766081871,0.009499788178108766,16717.348927875242
3570,4.206406207496266,106541.91033138402,0.0052498829405337915,11228.070175438595
3571,9.701783674106446,106541.91033138402,0.006749849494972018,7984.405458089668
3572,10.346269303663405,106541.91033138402,0.007249838346451426,9231.968810916178
3573,6.388607549778145,106791.42300194931,0.0069998439207117225,17216.374269005846
3574,1.7492109969007115,107040.93567251462,0.006249860643492609,11727.0955165692
3575,2.32569814265647,107040.93567251462,0.008249816049410243,14471.734892787523
3576,3.1376800374590292,107040.93567251462,0.006499855069232313,15968.810916179336
3577,3.8454142567281324,107040.93567251462,0.010749760306807287,9481.481481481482
3578,5.86811915538808,107040.93567251462,0.006249860643492609,13224.171539961013
3579,6.069864656960022,107040.93567251462,0.004749894089054383,13224.171539961013
3580,6.340358625610382,107040.93567251462,0.011749738009766105,14222.22222222222
3581,6.556853798300966,107040.93567251462,0.0032499275346161566,13972.709551656919
3582,7.5430818078441,107040.93567251462,0.004999888514794087,11228.070175438595
3583,6.212111485205914,107290.44834307992,0.008999799326629357,8732.943469785574
3584,10.02027657249883,107290.44834307992,0.008249816049410243,9730.994152046784
3585,1.63196361122879,107539.96101364522,0.006249860643492609,13972.709551656919
3586,2.567942741198243,107539.96101364522,0.013499698989944036,8982.456140350876
3587,4.307903944346585,107539.96101364522,0.007749827197930835,12725.146198830409
3588,8.164817944658745,107539.96101364522,0.008499810475149949,15719.298245614034
3589,1.0707261254431537,107789.47368421052,0.0037499163860955655,13473.684210526315
3590,3.3254258511895474,107789.47368421052,0.007749827197930835,13723.196881091617
3591,9.439289527079758,107789.47368421052,0.0042499052375749745,16717.348927875242
3592,9.55428696292002,108038.98635477583,0.007499832772191131,12226.120857699805
3593,11.10275243595175,108288.49902534112,0.004749894089054383,12725.146198830409
3594,4.605397310976834,108538.01169590643,0.005999866217752905,12226.120857699805
3595,8.661806863029277,108538.01169590643,0.007499832772191131,14721.247563352827
3596,9.04004842917345,108538.01169590643,0.006249860643492609,17715.39961013645
3597,0.9439789515931236,108787.52436647173,0.007249838346451426,13723.196881091617
3598,4.384652233048675,108787.52436647173,0.009249793752369062,13473.684210526315
3599,9.962777854578698,108787.52436647173,0.005999866217752905,12725.146198830409
3600,6.262360364779594,109037.03703703704,0.0069998439207117225,10729.044834307992
3601,2.931184641798034,109286.54970760233,0.010499765881067583,13723.196881091617
3602,4.957889451269817,109286.54970760233,0.006499855069232313,11228.070175438595
3603,4.011410555419296,109536.06237816764,0.007749827197930835,12226.120857699805
3604,4.045909786171375,109536.06237816764,0.006499855069232313,11727.0955165692
3605,7.461333630627216,109536.06237816764,0.007749827197930835,10230.019493177388
3606,8.479060937813554,109536.06237816764,0.007249838346451426,11228.070175438595
3607,8.749554906463914,109536.06237816764,0.010249771455327879,15220.27290448343
3608,1.1434745033334077,109785.57504873294,0.004499899663314678,13972.709551656919
3609,2.395446587437847,109785.57504873294,0.008749804900889653,12475.633528265107
3610,2.736188989721064,109785.57504873294,0.00799982162367054,12725.146198830409
3611,2.8239370331557003,109785.57504873294,0.004499899663314678,14222.22222222222
3612,6.969844589622958,109785.57504873294,0.004999888514794087,11976.608187134501
3613,1.3677195032219225,110035.08771929824,0.00399991081183527,16467.83625730994
3614,2.817437178086468,110035.08771929824,0.006499855069232313,12725.146198830409
3615,4.134657807308971,110035.08771929824,0.006749849494972018,9481.481481481482
3616,8.81105353519588,110035.08771929824,0.0032499275346161566,14222.22222222222
3617,10.508265691542734,110035.08771929824,0.006249860643492609,10230.019493177388
3618,4.983638877121006,110284.60038986354,0.004999888514794087,15968.810916179336
3619,10.62101317755134,110284.60038986354,0.008499810475149949,9730.994152046784
3620,1.483966911190885,110534.11306042885,0.006499855069232313,8233.91812865497
3621,2.1764514704898663,110534.11306042885,0.004999888514794087,13473.684210526315
3622,1.0242271622555688,110783.62573099414,0.006749849494972018,11228.070175438595
3623,9.660284599433655,110783.62573099414,0.007499832772191131,8732.943469785574
3624,6.446606256549757,111033.13840155945,0.004999888514794087,12226.120857699805
3625,7.0065937702066945,111033.13840155945,0.0057498717920132,13972.709551656919
3626,8.463311288991951,111033.13840155945,0.007249838346451426,15719.298245614034
3627,10.82425864567772,111033.13840155945,0.007749827197930835,16966.861598440544
3628,10.914506633369752,111282.65107212475,0.004499899663314678,13473.684210526315
3629,4.858891658676894,111532.16374269006,0.0057498717920132,11976.608187134501
3630,7.222088965194319,111532.16374269006,0.0052498829405337915,11477.582846003897
3631,9.650534816829808,111532.16374269006,0.00399991081183527,12226.120857699805
3632,2.834436799036768,111781.67641325535,0.007249838346451426,16218.323586744638
3633,7.519832326250307,111781.67641325535,0.004749894089054383,13473.684210526315
3634,3.4014241566144174,112031.18908382066,0.00399991081183527,13224.171539961013
3635,10.78150959887623,112031.18908382066,0.00399991081183527,13972.709551656919
3636,10.897257017993713,112031.18908382066,0.006249860643492609,7235.867446393761
3637,9.414040090080046,112280.70175438595,0.007499832772191131,11477.582846003897
3638,10.149523690606257,112280.70175438595,0.0069998439207117225,9730.994152046784
3639,0.2709939575018395,112530.21442495126,0.007499832772191131,9980.506822612086
3640,7.285337554906464,112530.21442495126,0.009999777029588174,12974.658869395711
3641,8.966050079154497,112530.21442495126,0.008249816049410243,12974.658869395711
3642,9.443289437891593,112530.21442495126,0.0052498829405337915,10230.019493177388
3643,9.776532007402619,112779.72709551656,0.006499855069232313,11228.070175438595
3644,0.7147340631898148,113029.23976608187,0.00799982162367054,11727.0955165692
3645,4.193406497357801,113278.75243664716,0.006749849494972018,14721.247563352827
3646,7.55958143994292,113278.75243664716,0.008999799326629357,13473.684210526315
3647,1.4194683493500413,113528.26510721247,0.007249838346451426,14471.734892787523
3648,4.62589685388749,113528.26510721247,0.004749894089054383,11477.582846003897
3649,7.7913262726036265,113528.26510721247,0.008249816049410243,13972.709551656919
3650,7.885824165533235,113528.26510721247,0.008249816049410243,11727.0955165692
3651,8.221566679301658,113528.26510721247,0.011749738009766105,14471.734892787523
3652,5.90211839728868,113777.77777777777,0.009999777029588174,12725.146198830409
3653,6.718100202903075,114027.29044834308,0.006749849494972018,13972.709551656919
3654,10.435517313652479,114027.29044834308,0.005499877366273496,12725.146198830409
3655,0.02174951503935428,114276.80311890837,0.00399991081183527,13723.196881091617
3656,5.232133336306273,114276.80311890837,0.0042499052375749745,13723.196881091617
3657,7.68632861379295,114276.80311890837,0.0057498717920132,13723.196881091617
3658,4.458400588641887,114526.31578947368,0.006749849494972018,13473.684210526315
3659,6.297359584383153,114526.31578947368,0.004999888514794087,13473.684210526315
3660,7.419834555954425,114526.31578947368,0.005499877366273496,13473.684210526315
3661,1.7582107962273408,114775.82846003897,0.0037499163860955655,13224.171539961013
3662,2.098703204084818,114775.82846003897,0.016249637673080783,13224.171539961013
3663,9.856280229213585,114775.82846003897,0.004999888514794087,13224.171539961013
3664,10.600513634640684,114775.82846003897,0.004749894089054383,13224.171539961013
3665,5.4666281076501155,115274.85380116958,0.006499855069232313,8982.456140350876
3666,6.997093982028585,115274.85380116958,0.007249838346451426,12226.120857699805
3667,0.136996945305358,115524.36647173489,0.0052498829405337915,12475.633528265107
3668,10.320769872237955,115773.87914230018,0.008749804900889653,12226.120857699805
3669,0.1892457802849562,116023.39181286549,0.010999754732546992,11976.608187134501
3670,5.180134495752414,116272.90448343079,0.00799982162367054,11727.0955165692
3671,3.9919109902115992,116522.4171539961,0.006249860643492609,11477.582846003897
3672,9.57203656714754,116522.4171539961,0.008999799326629357,11477.582846003897
3673,10.495765970255748,116522.4171539961,0.006749849494972018,11477.582846003897
3674,10.889757185221521,117021.4424951267,0.006249860643492609,10978.557504873294
3675,10.95125581395349,117021.4424951267,0.005499877366273496,10230.019493177388
3676,2.5151939173671654,117769.98050682261,0.008249816049410243,7734.892787524366
3677,10.48501620994894,117769.98050682261,0.008499810475149949,10230.019493177388
3678,3.8521641062231047,118019.4931773879,0.0057498717920132,9980.506822612086
3679,3.6746680639479146,119516.56920077972,0.006249860643492609,8483.430799220272
3680,10.406267965840934,119516.56920077972,0.008749804900889653,5988.304093567251
3681,4.374902450444826,120265.10721247563,0.007499832772191131,7734.892787524366
3682,10.9752552788245,120265.10721247563,0.006249860643492609,7734.892787524366
3683,2.0524542353229727,120514.61988304093,0.009999777029588174,7485.380116959064
3684,3.7371666703828406,120514.61988304093,0.010999754732546992,7485.380116959064
